Date,Sentiment
2009-08-07,4.878258645534515
2009-08-10,-1.0101189613342285
2009-08-11,0.9516351819038391
2009-08-12,4.025720000267029
2009-08-13,3.9305604100227356
2009-08-31,-0.9953860640525818
2009-09-09,-1.9281272292137146
2009-09-17,0.9996110796928406
2009-09-22,-0.9990876913070679
2009-09-24,0.10325324535369873
2009-09-29,-0.9799783825874329
2009-10-19,-1.559576153755188
2009-10-21,-0.18888163566589355
2009-10-26,-0.9250732064247131
2009-10-28,-0.9042402505874634
2009-11-02,-0.9988611936569214
2009-11-03,-0.7950209975242615
2009-11-10,-0.6622555255889893
2009-11-13,-0.6913703680038452
2009-11-16,-0.9860634207725525
2009-11-19,-0.9706466794013977
2009-12-01,-0.8727043867111206
2009-12-04,-0.8682352304458618
2009-12-08,-0.9870573878288269
2009-12-10,-2.802997350692749
2009-12-11,-1.1181803941726685
2009-12-21,1.3088847994804382
2009-12-22,-0.976039469242096
2009-12-28,0.9924089908599854
2009-12-29,-1.3848085403442383
2009-12-31,0.9394058585166931
2010-01-05,-0.8970873355865479
2010-01-06,0.5460271239280701
2010-01-08,-0.9896308779716492
2010-01-14,-0.04234379529953003
2010-01-15,-1.9840540289878845
2010-01-19,-0.8065975308418274
2010-01-20,-0.994670569896698
2010-01-26,-0.9799736738204956
2010-01-28,-2.688033699989319
2010-01-29,0.6869901418685913
2010-02-01,-3.648539364337921
2010-02-02,-0.6953872442245483
2010-02-03,0.9091135859489441
2010-02-04,-5.567353963851929
2010-02-05,0.9886479377746582
2010-02-09,-0.7817944288253784
2010-02-11,-0.9440951943397522
2010-02-15,0.9923515915870667
2010-02-16,-0.13920605182647705
2010-02-18,-0.992492139339447
2010-02-22,-0.893168568611145
2010-02-23,-0.9913015961647034
2010-02-25,-0.9987016916275024
2010-03-03,2.5382789373397827
2010-03-05,0.9975712895393372
2010-03-08,-1.895228385925293
2010-03-13,0.9885625839233398
2010-03-15,-1.7444285154342651
2010-03-16,-0.9655871391296387
2010-03-17,-0.9634960293769836
2010-03-19,-0.9767910242080688
2010-03-21,-0.9741116166114807
2010-03-22,0.9548161625862122
2010-03-23,-1.9810468554496765
2010-03-24,-0.9703163504600525
2010-03-25,-0.9860710501670837
2010-03-29,-1.9724453687667847
2010-04-01,-0.9852814078330994
2010-04-08,-0.8945411443710327
2010-04-09,-0.6487576961517334
2010-04-12,1.984631597995758
2010-04-16,-0.9737755656242371
2010-04-19,-6.009764909744263
2010-04-20,1.9127192497253418
2010-04-21,-1.843431830406189
2010-04-22,-0.7225837111473083
2010-04-28,-0.713512659072876
2010-04-30,-0.9997205138206482
2010-05-03,-0.998354434967041
2010-05-04,0.992928683757782
2010-05-05,-1.9527724385261536
2010-05-06,1.9366304278373718
2010-05-07,-0.9954924583435059
2010-05-13,-1.8307884335517883
2010-05-14,-1.9949602484703064
2010-05-15,-0.9868482947349548
2010-05-18,0.08207821846008301
2010-05-19,-2.9214122891426086
2010-05-20,-0.9683964252471924
2010-05-21,-0.053972065448760986
2010-05-24,0.9988211989402771
2010-05-26,-0.9834721088409424
2010-05-27,-0.9965444207191467
2010-05-28,-0.8981152176856995
2010-06-02,1.1680834889411926
2010-06-03,-1.9469434022903442
2010-06-07,1.9353589415550232
2010-06-09,-0.9995869994163513
2010-06-10,-0.08283257484436035
2010-06-16,-1.5843312740325928
2010-06-18,0.9404080510139465
2010-06-21,-1.9287667870521545
2010-06-22,-2.9421833157539368
2010-06-28,1.6243112683296204
2010-06-30,0.6964225769042969
2010-07-02,0.9164667725563049
2010-07-06,0.823614239692688
2010-07-08,-2.528915524482727
2010-07-13,-1.9869375228881836
2010-07-19,-0.943162739276886
2010-07-20,-0.9956209063529968
2010-07-22,3.5183631777763367
2010-07-26,-0.9738532900810242
2010-07-28,0.9908328652381897
2010-07-29,-0.9951400756835938
2010-07-30,0.9998154044151306
2010-08-02,-1.9734328985214233
2010-08-03,-1.7585561275482178
2010-08-04,-0.9867132902145386
2010-08-09,0.024276375770568848
2010-08-10,0.07723325490951538
2010-08-11,0.8642871975898743
2010-08-12,-1.968869149684906
2010-08-13,-1.1116004586219788
2010-08-16,0.06915283203125
2010-08-17,-0.021158456802368164
2010-08-18,-0.9754433631896973
2010-08-19,-0.6304225325584412
2010-08-20,-1.833320140838623
2010-08-23,-0.9834322333335876
2010-08-25,-0.6302506923675537
2010-08-26,-2.6121526956558228
2010-08-27,-0.872837483882904
2010-08-30,1.4701502323150635
2010-08-31,-0.9987990856170654
2010-09-01,0.9920099973678589
2010-09-02,-0.9637141227722168
2010-09-03,-0.9452232718467712
2010-09-09,-0.9790955185890198
2010-09-10,-0.97763592004776
2010-09-13,0.5453716516494751
2010-09-14,-0.9911103248596191
2010-09-15,-2.7097293734550476
2010-09-16,-1.5938003063201904
2010-09-17,-0.9760742783546448
2010-09-20,-0.9943346977233887
2010-09-21,-2.571949303150177
2010-09-22,-0.991979718208313
2010-09-23,0.4113048315048218
2010-09-24,-0.9915481209754944
2010-09-27,0.24546754360198975
2010-09-28,0.9974687099456787
2010-09-29,-0.988849937915802
2010-09-30,1.6421461701393127
2010-10-04,-3.528744399547577
2010-10-05,-3.3878257870674133
2010-10-06,-1.9717709422111511
2010-10-07,-0.9961475133895874
2010-10-11,-0.9996023774147034
2010-10-12,1.9768961071968079
2010-10-13,-0.9459037184715271
2010-10-14,-0.9900339245796204
2010-10-18,0.00031942129135131836
2010-10-19,-0.9870011806488037
2010-10-20,-4.7458842396736145
2010-10-21,-5.591377794742584
2010-10-22,0.9472223520278931
2010-10-24,0.9996289014816284
2010-10-25,1.5939785242080688
2010-10-26,1.9153706431388855
2010-10-28,-0.8084584474563599
2010-10-29,-0.9885175228118896
2010-11-01,-0.8677018284797668
2010-11-02,-9.433143198490143
2010-11-03,0.6030660271644592
2010-11-05,0.980941653251648
2010-11-08,-0.045000553131103516
2010-11-09,3.4039215445518494
2010-11-11,-1.9625547528266907
2010-11-12,-1.8897902965545654
2010-11-15,-0.8135508894920349
2010-11-16,0.22652721405029297
2010-11-18,-0.9016576409339905
2010-11-19,-1.8962746858596802
2010-11-22,-1.125529170036316
2010-11-24,-3.904402256011963
2010-11-26,-0.9870395064353943
2010-11-29,-0.8983454704284668
2010-11-30,-0.9976275563240051
2010-12-01,0.024440407752990723
2010-12-02,-0.023406922817230225
2010-12-03,-8.71767246723175
2010-12-06,-0.7506776452064514
2010-12-07,-2.9678690433502197
2010-12-08,-2.9823785424232483
2010-12-09,-2.8623980283737183
2010-12-10,-4.757730484008789
2010-12-13,-1.9971369504928589
2010-12-14,-1.3817888498306274
2010-12-15,-0.9460930824279785
2010-12-16,-4.153476357460022
2010-12-17,-6.7427579164505005
2010-12-18,-0.9744592308998108
2010-12-20,-3.7429850697517395
2010-12-21,-3.97162401676178
2010-12-22,-0.7482658624649048
2010-12-23,-2.9414657950401306
2010-12-27,0.0015061497688293457
2010-12-28,-0.0024867653846740723
2010-12-29,0.9955613613128662
2011-01-03,0.01911717653274536
2011-01-04,-4.917822182178497
2011-01-05,-1.6543314456939697
2011-01-06,-0.665861189365387
2011-01-07,-0.06940150260925293
2011-01-10,-4.943208634853363
2011-01-11,-1.86797696352005
2011-01-12,-1.820186972618103
2011-01-13,-1.9987150430679321
2011-01-14,-2.0129553079605103
2011-01-17,-1.9740008115768433
2011-01-18,-6.257268130779266
2011-01-19,-2.941981077194214
2011-01-20,-5.752821266651154
2011-01-21,-1.9329856634140015
2011-01-24,-3.418444514274597
2011-01-25,-6.524874627590179
2011-01-26,-1.021331250667572
2011-01-27,0.2881721258163452
2011-01-28,-5.5198695063591
2011-01-31,-1.636584997177124
2011-02-01,-3.750405430793762
2011-02-02,-7.799243450164795
2011-02-03,-13.08052134513855
2011-02-04,0.5563771724700928
2011-02-07,-0.5329315662384033
2011-02-08,-2.8545725345611572
2011-02-09,0.015377461910247803
2011-02-10,0.005436122417449951
2011-02-11,1.0367478132247925
2011-02-14,-0.9843721985816956
2011-02-15,-0.4021144509315491
2011-02-17,-4.598954677581787
2011-02-22,-0.9677748084068298
2011-02-25,-0.9913610816001892
2011-02-26,0.9088097214698792
2011-02-27,0.9960202574729919
2011-03-01,0.9997573494911194
2011-03-03,-1.0276893377304077
2011-03-04,0.6349078416824341
2011-03-07,-1.9249327182769775
2011-03-08,-3.3092755675315857
2011-03-09,-2.0133824348449707
2011-03-10,-1.9521818161010742
2011-03-11,-1.884062945842743
2011-03-14,1.9559560418128967
2011-03-15,-1.7254343628883362
2011-03-16,-1.3188294768333435
2011-03-17,-0.9436125159263611
2011-03-18,0.90411376953125
2011-03-21,-2.5374462008476257
2011-03-22,-2.9790157079696655
2011-03-23,0.9803987145423889
2011-03-24,-9.804829001426697
2011-03-25,-4.7726340889930725
2011-03-28,-5.726804733276367
2011-03-29,-2.983268082141876
2011-03-30,-3.958533227443695
2011-03-31,-3.782440185546875
2011-04-01,-0.201562762260437
2011-04-04,-2.9847905039787292
2011-04-05,-3.9830755591392517
2011-04-06,-0.20362889766693115
2011-04-07,0.17771750688552856
2011-04-08,-1.987579882144928
2011-04-11,0.999208390712738
2011-04-12,-1.5133858919143677
2011-04-13,1.9982832670211792
2011-04-14,-1.759276270866394
2011-04-15,1.4376554489135742
2011-04-16,-1.9868478775024414
2011-04-17,-1.0348913073539734
2011-04-18,1.7663580775260925
2011-04-19,0.07065176963806152
2011-04-20,-2.6440898180007935
2011-04-25,-2.7651585936546326
2011-04-26,-5.090555429458618
2011-04-27,-2.880952835083008
2011-04-28,-5.4885454177856445
2011-04-29,-1.1685746908187866
2011-04-30,-0.998354434967041
2011-05-02,-7.803367972373962
2011-05-03,-1.0727679133415222
2011-05-04,-0.3512168526649475
2011-05-05,-0.9572311639785767
2011-05-06,0.07038545608520508
2011-05-09,-0.9786504507064819
2011-05-10,-1.2731657028198242
2011-05-11,-2.5408900380134583
2011-05-12,-3.6679402589797974
2011-05-13,-7.268741965293884
2011-05-15,1.9962778091430664
2011-05-16,-2.3908835649490356
2011-05-17,-5.069044828414917
2011-05-18,1.017440140247345
2011-05-19,-1.8684555888175964
2011-05-22,2.812479019165039
2011-05-23,-6.422908067703247
2011-05-24,-2.8213707208633423
2011-05-25,-1.9425128698349
2011-05-26,-1.0971189737319946
2011-05-27,-2.985603928565979
2011-05-31,-0.9712201356887817
2011-06-01,-1.045052409172058
2011-06-02,-2.9448318481445312
2011-06-03,1.604349970817566
2011-06-06,0.8201545476913452
2011-06-07,-0.9851598739624023
2011-06-08,-2.83499014377594
2011-06-09,2.354191541671753
2011-06-10,0.9721307754516602
2011-06-13,-1.4039337038993835
2011-06-14,-0.9779565334320068
2011-06-15,-2.9334657788276672
2011-06-16,-1.9344335198402405
2011-06-17,0.010357558727264404
2011-06-19,-0.9914880990982056
2011-06-20,-2.431858539581299
2011-06-21,-1.1179483532905579
2011-06-22,-3.7450673580169678
2011-06-23,-3.0926953554153442
2011-06-24,-3.803722083568573
2011-06-27,-0.31834113597869873
2011-06-28,-0.6023790240287781
2011-06-29,-4.402931809425354
2011-06-30,-4.819823443889618
2011-07-01,1.226713478565216
2011-07-03,-0.5632065534591675
2011-07-05,-1.830672800540924
2011-07-07,-5.303245663642883
2011-07-08,-1.3339458107948303
2011-07-13,-0.13201576471328735
2011-07-15,-1.5555546283721924
2011-07-17,0.843921959400177
2011-07-18,-1.4751596450805664
2011-07-19,-1.93132483959198
2011-07-20,0.6272657513618469
2011-07-21,5.411975085735321
2011-07-22,-0.9959000945091248
2011-07-23,-0.9986061453819275
2011-07-25,0.9975526928901672
2011-07-26,-0.9905129075050354
2011-07-27,-1.0385078191757202
2011-07-28,-4.8462464809417725
2011-07-29,-0.881648600101471
2011-07-31,0.8095548152923584
2011-08-01,-1.9431402087211609
2011-08-02,0.9538403153419495
2011-08-03,2.8990728855133057
2011-08-04,-1.2232878804206848
2011-08-05,-0.8407931327819824
2011-08-07,0.8095548152923584
2011-08-08,-1.2799133658409119
2011-08-09,-0.9739058017730713
2011-08-10,0.8712360858917236
2011-08-11,-0.7660283446311951
2011-08-12,-3.6192879676818848
2011-08-15,5.775183439254761
2011-08-16,1.2934861183166504
2011-08-17,1.909640371799469
2011-08-18,-4.930377125740051
2011-08-19,1.6283782720565796
2011-08-23,-1.4840354919433594
2011-08-24,-5.63066303730011
2011-08-25,1.467345118522644
2011-08-26,1.787071168422699
2011-08-30,-2.6789170503616333
2011-08-31,-1.0711236596107483
2011-09-01,-1.9969993829727173
2011-09-04,1.4801734685897827
2011-09-06,-2.2654151916503906
2011-09-07,1.2579488158226013
2011-09-08,-4.892195761203766
2011-09-11,0.7400867342948914
2011-09-12,1.0644453763961792
2011-09-13,-2.4465230107307434
2011-09-14,-1.9263167977333069
2011-09-15,0.9892216920852661
2011-09-16,-2.9780167937278748
2011-09-18,0.7400867342948914
2011-09-19,-1.979058027267456
2011-09-20,-7.4855111837387085
2011-09-21,0.2747594118118286
2011-09-22,-0.45372140407562256
2011-09-23,-0.7172989249229431
2011-09-26,0.31291264295578003
2011-09-27,-2.820864260196686
2011-09-28,1.6401666402816772
2011-09-29,-0.9846789240837097
2011-09-30,-0.9914843440055847
2011-10-03,-1.9898589849472046
2011-10-05,-0.4069811701774597
2011-10-06,-2.7572166323661804
2011-10-07,2.373665988445282
2011-10-10,0.8904076814651489
2011-10-11,-1.5890889763832092
2011-10-12,2.6119995713233948
2011-10-13,-1.2362732291221619
2011-10-14,1.4566333293914795
2011-10-17,-0.9989783763885498
2011-10-18,1.4147029519081116
2011-10-20,-2.910510540008545
2011-10-21,0.1638992428779602
2011-10-24,-2.8039214611053467
2011-10-25,-3.8982691764831543
2011-10-27,1.7572767734527588
2011-10-28,0.3869055509567261
2011-10-30,0.5375651717185974
2011-10-31,0.9759033918380737
2011-11-01,-0.9994444251060486
2011-11-02,-0.4725279211997986
2011-11-03,-3.1945602893829346
2011-11-04,0.15359646081924438
2011-11-07,-0.9656846523284912
2011-11-08,0.9991984963417053
2011-11-10,-0.07248032093048096
2011-11-11,-4.4447861313819885
2011-11-14,-2.5256794095039368
2011-11-16,-0.9223229289054871
2011-11-17,-2.7125807404518127
2011-11-21,-5.798553466796875
2011-11-22,-6.8962355852127075
2011-11-23,0.6692546606063843
2011-11-25,-0.999184787273407
2011-11-27,-0.5012986660003662
2011-11-28,-0.03787267208099365
2011-11-29,-3.841821789741516
2011-11-30,-0.005950212478637695
2011-12-01,0.8953083157539368
2011-12-02,-3.897105395793915
2011-12-03,0.9990184307098389
2011-12-05,3.4949066638946533
2011-12-06,-2.9708515405654907
2011-12-07,1.9604135155677795
2011-12-08,-1.289222538471222
2011-12-09,-2.659854233264923
2011-12-11,-0.5753573775291443
2011-12-12,-3.6309738159179688
2011-12-13,0.9992590546607971
2011-12-14,0.05831664800643921
2011-12-15,-1.9105463027954102
2011-12-16,0.009875774383544922
2011-12-18,-0.5753573775291443
2011-12-19,-0.9384447336196899
2011-12-20,-6.2186872363090515
2011-12-21,-23.86639702320099
2011-12-22,-2.662395477294922
2011-12-23,-0.9833980798721313
2011-12-27,1.008453905582428
2011-12-29,-1.9820938110351562
2011-12-30,-0.0006507635116577148
2012-01-03,0.9992590546607971
2012-01-04,-0.7603668570518494
2012-01-05,-5.587920963764191
2012-01-06,-0.9990666508674622
2012-01-09,-0.47625625133514404
2012-01-10,0.1908298134803772
2012-01-11,-0.33296018838882446
2012-01-12,-1.9835386276245117
2012-01-17,-0.6497601270675659
2012-01-18,-0.9802457690238953
2012-01-20,-1.9853002429008484
2012-01-24,-1.269109845161438
2012-01-25,-2.8020436763763428
2012-01-27,-0.9827085137367249
2012-01-29,-1.1116077899932861
2012-01-30,0.8936232924461365
2012-01-31,-1.4984420537948608
2012-02-01,0.9924305081367493
2012-02-02,-0.9466360211372375
2012-02-03,0.07203596830368042
2012-02-06,0.9993756413459778
2012-02-07,-3.7050731778144836
2012-02-08,-1.8302701115608215
2012-02-09,1.8161218762397766
2012-02-12,-0.5489556789398193
2012-02-13,-3.6647931337356567
2012-02-14,-0.9995104074478149
2012-02-15,-2.963853359222412
2012-02-16,-4.9816954135894775
2012-02-17,0.7408004403114319
2012-02-22,-1.9459222555160522
2012-02-23,-5.315826714038849
2012-02-24,-1.7865360975265503
2012-02-27,-5.190302729606628
2012-02-28,0.8256563544273376
2012-03-01,-0.2759819030761719
2012-03-02,-0.18979328870773315
2012-03-03,-0.6472726464271545
2012-03-04,-0.9088598489761353
2012-03-05,0.0022881627082824707
2012-03-07,-2.859483778476715
2012-03-08,0.0031369924545288086
2012-03-09,0.9538816809654236
2012-03-11,-0.14050954580307007
2012-03-12,-0.9942044615745544
2012-03-13,0.9310537576675415
2012-03-14,-0.011324882507324219
2012-03-15,0.8315773606300354
2012-03-18,-0.9842038750648499
2012-03-20,-0.0324399471282959
2012-03-21,-6.7886465191841125
2012-03-22,-0.9984248876571655
2012-03-23,-1.978853166103363
2012-03-25,0.9994605183601379
2012-03-28,-3.6335049271583557
2012-03-29,-1.9263161420822144
2012-03-30,-6.950863361358643
2012-04-02,-3.979463517665863
2012-04-03,-0.7844374775886536
2012-04-05,-5.711621046066284
2012-04-09,-0.055420517921447754
2012-04-10,0.4558088779449463
2012-04-11,-0.963532030582428
2012-04-12,-0.024351894855499268
2012-04-13,-1.9816627502441406
2012-04-16,0.003922939300537109
2012-04-17,-4.8608444929122925
2012-04-18,0.009463310241699219
2012-04-19,-0.8944522738456726
2012-04-20,-0.9658805727958679
2012-04-22,-0.9756014943122864
2012-04-24,-2.2472022771835327
2012-04-25,0.9850366711616516
2012-04-26,0.9992915391921997
2012-04-27,-0.9974157810211182
2012-04-29,0.014384329319000244
2012-04-30,-7.764969646930695
2012-05-01,-0.9943735599517822
2012-05-02,-0.18960362672805786
2012-05-03,-4.479408502578735
2012-05-04,-4.8608381152153015
2012-05-05,0.8130477666854858
2012-05-06,-0.9948481321334839
2012-05-07,-8.54062157869339
2012-05-08,-0.4792076349258423
2012-05-09,-3.9631482362747192
2012-05-10,-0.9966013431549072
2012-05-11,-3.7752084136009216
2012-05-14,-2.4505521059036255
2012-05-15,0.02181321382522583
2012-05-16,-2.975679934024811
2012-05-17,-2.9373061060905457
2012-05-18,-0.19954288005828857
2012-05-20,-0.9987881779670715
2012-05-21,1.6955940127372742
2012-05-22,-0.9031364321708679
2012-05-23,-6.835795342922211
2012-05-24,0.944068431854248
2012-05-25,0.9987807869911194
2012-05-27,0.7538259029388428
2012-05-29,-1.955560326576233
2012-05-30,0.6518085598945618
2012-05-31,-0.6557725667953491
2012-06-01,-1.2595422863960266
2012-06-04,2.883241057395935
2012-06-05,2.9575390815734863
2012-06-06,-0.0071260929107666016
2012-06-07,-3.9720895886421204
2012-06-08,-0.05315321683883667
2012-06-10,-0.9392162561416626
2012-06-11,-9.179233312606812
2012-06-12,0.9927089214324951
2012-06-13,-1.0312359929084778
2012-06-14,0.7889378666877747
2012-06-15,-3.8263664841651917
2012-06-18,-1.6320452094078064
2012-06-19,-6.386564254760742
2012-06-20,0.011975884437561035
2012-06-21,0.9569163918495178
2012-06-25,-2.8286059498786926
2012-06-26,-0.8348903656005859
2012-06-27,-1.7242534160614014
2012-06-28,-0.23047924041748047
2012-06-29,2.0094743371009827
2012-07-02,1.7451844811439514
2012-07-03,-0.9963775277137756
2012-07-05,-0.9993301630020142
2012-07-06,-3.801135838031769
2012-07-09,-1.999070942401886
2012-07-10,-3.520582377910614
2012-07-11,-2.441706895828247
2012-07-12,-1.9898892045021057
2012-07-13,-0.615696370601654
2012-07-16,-5.534991025924683
2012-07-18,-0.9763680696487427
2012-07-19,-4.501585602760315
2012-07-20,0.9962803721427917
2012-07-22,0.7490350008010864
2012-07-23,0.1977325677871704
2012-07-24,-3.4592409133911133
2012-07-25,-1.7115605473518372
2012-07-26,-0.14376920461654663
2012-07-27,-1.7245358228683472
2012-07-29,0.7626067996025085
2012-07-30,-3.64929336309433
2012-07-31,0.8140280842781067
2012-08-01,-1.7210494875907898
2012-08-02,-4.5148815512657166
2012-08-03,1.5010258555412292
2012-08-06,1.9927053451538086
2012-08-07,-4.455685555934906
2012-08-08,-2.1167669892311096
2012-08-09,0.05733734369277954
2012-08-10,-5.565369486808777
2012-08-12,0.9775164127349854
2012-08-13,-0.9839222431182861
2012-08-14,-4.073703944683075
2012-08-15,-0.9266052842140198
2012-08-16,-0.9545997977256775
2012-08-17,-4.394125282764435
2012-08-20,-0.9836627244949341
2012-08-21,-3.9315491914749146
2012-08-22,-1.9674127697944641
2012-08-23,1.0027855038642883
2012-08-24,-3.034663140773773
2012-08-27,-1.9723038077354431
2012-08-28,2.940680205821991
2012-08-29,-0.2813106179237366
2012-08-30,-0.9812330007553101
2012-08-31,-0.9944947361946106
2012-09-04,0.9656109809875488
2012-09-05,1.0561668872833252
2012-09-06,0.4944191575050354
2012-09-07,-0.8469339609146118
2012-09-09,-0.9206566214561462
2012-09-10,-0.23316800594329834
2012-09-11,-0.968702495098114
2012-09-12,-0.9827145934104919
2012-09-13,-1.9163211584091187
2012-09-14,-2.823826491832733
2012-09-15,-0.9206566214561462
2012-09-17,-0.26705503463745117
2012-09-18,-0.9994341731071472
2012-09-19,-1.9423233270645142
2012-09-20,-3.4771478176116943
2012-09-21,-12.164836943149567
2012-09-24,-0.9751538634300232
2012-09-25,-0.543363630771637
2012-09-26,-0.021177351474761963
2012-09-28,0.8830832242965698
2012-09-29,-0.9910116195678711
2012-09-30,-0.9206566214561462
2012-10-01,-2.3759828209877014
2012-10-02,5.181835055351257
2012-10-03,-1.7192268371582031
2012-10-04,-4.251139342784882
2012-10-05,0.9990063309669495
2012-10-06,-0.9295638203620911
2012-10-08,1.1753355264663696
2012-10-09,-0.8170997500419617
2012-10-10,-0.99480140209198
2012-10-11,0.7036333680152893
2012-10-12,-1.9942306280136108
2012-10-15,-1.9372342228889465
2012-10-16,-0.9951279163360596
2012-10-17,0.9086495637893677
2012-10-19,-2.539357006549835
2012-10-22,1.6126700639724731
2012-10-23,-1.0638530254364014
2012-10-24,-1.8854812383651733
2012-10-25,-1.9902023077011108
2012-10-26,-1.9979708790779114
2012-10-29,0.5387179851531982
2012-10-30,1.9375358819961548
2012-10-31,-2.8832430839538574
2012-11-01,-6.828875243663788
2012-11-02,0.9907336235046387
2012-11-05,-4.84246289730072
2012-11-06,0.0013595223426818848
2012-11-07,-1.8485104441642761
2012-11-08,-2.877848446369171
2012-11-09,-5.932612121105194
2012-11-13,-1.899526834487915
2012-11-18,-0.6959547400474548
2012-11-21,-0.9853999018669128
2012-11-27,-1.9830900430679321
2012-11-28,-1.6266183853149414
2012-11-29,0.03703474998474121
2012-11-30,-2.9140936732292175
2012-12-03,0.6761243939399719
2012-12-04,-0.7175037860870361
2012-12-05,-0.9958294630050659
2012-12-06,-1.9928761720657349
2012-12-07,-3.2871052026748657
2012-12-10,-1.7622398138046265
2012-12-11,-0.18107175827026367
2012-12-12,1.7164000868797302
2012-12-13,0.7920753359794617
2012-12-14,-0.9125993251800537
2012-12-16,0.29251283407211304
2012-12-17,-0.24315166473388672
2012-12-18,-5.227020442485809
2012-12-19,-10.105352938175201
2012-12-20,2.066113829612732
2012-12-26,-1.991578459739685
2012-12-27,-0.992828905582428
2012-12-28,-0.9970728158950806
2012-12-30,0.9200389385223389
2012-12-31,-1.9938318133354187
2013-01-02,0.9362601041793823
2013-01-03,-1.9883269667625427
2013-01-04,-1.719453513622284
2013-01-07,-5.820314109325409
2013-01-08,-0.9957549571990967
2013-01-09,-3.750158369541168
2013-01-10,2.791385233402252
2013-01-11,-1.5339407920837402
2013-01-15,0.8203171491622925
2013-01-16,-0.9843944907188416
2013-01-17,-0.9830533862113953
2013-01-20,-0.7082595825195312
2013-01-23,0.45564764738082886
2013-01-24,-0.9997772574424744
2013-01-25,-2.9506527185440063
2013-01-26,-0.9949861764907837
2013-01-28,1.3832266330718994
2013-01-29,-3.4747301936149597
2013-01-30,-2.888633906841278
2013-01-31,-2.2327734231948853
2013-02-01,-3.856802523136139
2013-02-04,-7.805930018424988
2013-02-05,-0.9521294236183167
2013-02-06,0.08855420351028442
2013-02-07,-0.9842659831047058
2013-02-12,-2.7477741241455078e-05
2013-02-13,-9.521521389484406
2013-02-14,-5.96855890750885
2013-02-15,1.9903563261032104
2013-02-19,-2.9921457767486572
2013-02-20,-0.005661189556121826
2013-02-21,-2.9719096422195435
2013-02-25,-0.7102176547050476
2013-02-26,-0.7224200963973999
2013-02-27,-0.040545642375946045
2013-02-28,-0.19761639833450317
2013-03-01,-2.8811575174331665
2013-03-02,-0.9855497479438782
2013-03-04,-2.963265061378479
2013-03-05,-1.9732626080513
2013-03-06,-1.0056772232055664
2013-03-07,0.9897173643112183
2013-03-10,-0.5230695605278015
2013-03-11,-2.625857949256897
2013-03-12,-0.0036780238151550293
2013-03-13,-1.71200293302536
2013-03-14,-1.9577624797821045
2013-03-15,-0.04043668508529663
2013-03-17,-0.5230695605278015
2013-03-18,-1.2414422035217285
2013-03-19,-3.968060314655304
2013-03-20,-10.86842679977417
2013-03-21,-7.9538750648498535
2013-03-22,-0.9948335886001587
2013-03-23,-0.6449629068374634
2013-03-24,0.9996689558029175
2013-03-25,-5.6098902225494385
2013-03-26,-2.9493799805641174
2013-03-27,-1.9861390590667725
2013-03-28,-0.9851391911506653
2013-03-31,-0.9953246116638184
2013-04-01,2.3595138788223267
2013-04-02,-0.9078028202056885
2013-04-03,-2.7412697672843933
2013-04-04,-0.9962000250816345
2013-04-08,1.9615448713302612
2013-04-09,-2.960018038749695
2013-04-10,-3.7851969599723816
2013-04-11,-6.604377448558807
2013-04-12,-2.925598442554474
2013-04-15,-0.9876753091812134
2013-04-16,0.9778798818588257
2013-04-17,-0.8650017380714417
2013-04-18,-1.9907865524291992
2013-04-19,0.9984799027442932
2013-04-21,0.5777695178985596
2013-04-23,0.7641745209693909
2013-04-24,-0.7672476172447205
2013-04-25,-0.0113716721534729
2013-04-26,-1.2061114311218262
2013-04-28,0.5777695178985596
2013-04-30,-2.8611292839050293
2013-05-01,-5.3525925278663635
2013-05-02,-4.27641886472702
2013-05-03,-3.7322182059288025
2013-05-06,1.0038318037986755
2013-05-09,-0.9616485834121704
2013-05-10,-2.3028261065483093
2013-05-13,0.9882856607437134
2013-05-14,-4.084983050823212
2013-05-15,-2.953064262866974
2013-05-16,1.1340541243553162
2013-05-17,1.985293447971344
2013-05-18,-0.8762021064758301
2013-05-20,0.02360635995864868
2013-05-21,0.998531699180603
2013-05-22,0.05846846103668213
2013-05-23,-2.9132392406463623
2013-05-24,-1.6325469017028809
2013-05-26,-0.5263745188713074
2013-05-27,0.9981096982955933
2013-05-28,-3.825332462787628
2013-05-29,-5.716406285762787
2013-05-30,0.08239424228668213
2013-06-02,0.9977377653121948
2013-06-03,1.1556043028831482
2013-06-04,-2.9735889434814453
2013-06-05,1.988763451576233
2013-06-06,-0.4213665723800659
2013-06-10,-0.0035676956176757812
2013-06-12,-0.9905367493629456
2013-06-13,-0.32183241844177246
2013-06-14,-2.937826693058014
2013-06-16,0.7149842381477356
2013-06-17,-0.8636689186096191
2013-06-18,-1.169949233531952
2013-06-19,0.6198881268501282
2013-06-20,-16.358679056167603
2013-06-21,-18.623609125614166
2013-06-22,-2.9478145837783813
2013-06-23,0.9878826141357422
2013-06-24,-5.5936824679374695
2013-06-25,1.0072868466377258
2013-06-26,-2.972872793674469
2013-06-27,-2.7015997171401978
2013-06-30,1.9994319677352905
2013-07-01,0.6585302948951721
2013-07-02,-2.9207502603530884
2013-07-03,-0.9248403310775757
2013-07-05,-0.982154130935669
2013-07-09,-1.3254857659339905
2013-07-10,-0.9945447444915771
2013-07-11,-3.974224328994751
2013-07-14,-0.9991457462310791
2013-07-15,-0.8921549916267395
2013-07-16,-4.583042740821838
2013-07-17,-1.9887149333953857
2013-07-19,-0.7111093401908875
2013-07-22,-2.6297738552093506
2013-07-23,0.1191834807395935
2013-07-24,-0.7818427085876465
2013-07-25,-1.0385823249816895
2013-07-26,1.3710439205169678
2013-07-28,1.687843918800354
2013-07-29,0.6585302948951721
2013-07-30,-2.925678789615631
2013-07-31,-14.896533787250519
2013-08-01,-3.5340628623962402
2013-08-02,-0.8452222943305969
2013-08-04,0.8095548152923584
2013-08-05,0.8396962881088257
2013-08-06,0.048716604709625244
2013-08-07,-0.9980862140655518
2013-08-08,0.019112884998321533
2013-08-09,-2.919134497642517
2013-08-12,0.9266136884689331
2013-08-13,1.3874613642692566
2013-08-14,-3.9839673042297363
2013-08-15,-4.9259132742881775
2013-08-17,0.9958314299583435
2013-08-19,-1.9698725938796997
2013-08-20,-0.9826305508613586
2013-08-21,-5.577629923820496
2013-08-22,-2.6157951951026917
2013-08-23,-0.9958265423774719
2013-08-25,-0.17485660314559937
2013-08-26,-0.9928848147392273
2013-08-27,-1.9547327160835266
2013-08-28,-3.591886878013611
2013-08-29,3.0125202536582947
2013-08-30,-0.9967526793479919
2013-09-04,2.98900830745697
2013-09-06,0.9960370659828186
2013-09-08,0.7400867342948914
2013-09-09,-1.9339091181755066
2013-09-10,-0.9943253397941589
2013-09-11,-1.3133066892623901
2013-09-12,-2.7388721704483032
2013-09-13,-0.9944654107093811
2013-09-15,-2.6297410130500793
2013-09-16,1.0200121402740479
2013-09-17,0.9496158957481384
2013-09-18,-7.409769773483276
2013-09-19,-1.9635841846466064
2013-09-20,-1.9434154629707336
2013-09-25,1.0240969061851501
2013-09-26,-1.4993817806243896
2013-09-27,-1.994842529296875
2013-09-28,-0.9982686042785645
2013-09-30,-2.9952974915504456
2013-10-01,-1.5957828164100647
2013-10-02,-0.9662714004516602
2013-10-03,0.003780066967010498
2013-10-07,-0.6573120355606079
2013-10-08,-3.3271392583847046
2013-10-09,-0.9771706461906433
2013-10-10,-0.9810145497322083
2013-10-11,-8.667116224765778
2013-10-15,0.9649036526679993
2013-10-16,0.8860424757003784
2013-10-17,-0.004576265811920166
2013-10-18,-3.4954758286476135
2013-10-20,-1.9585590362548828
2013-10-22,-0.11924237012863159
2013-10-23,-1.1166719198226929
2013-10-24,-0.2502562999725342
2013-10-25,-2.9149171710014343
2013-10-26,-0.9988137483596802
2013-10-27,-1.9866861701011658
2013-10-28,-4.538821816444397
2013-10-29,0.9982813596725464
2013-10-30,-0.9949502944946289
2013-10-31,-4.945168197154999
2013-11-01,-1.8548470735549927
2013-11-02,0.9946466088294983
2013-11-04,-0.9895272254943848
2013-11-07,-2.8086495399475098
2013-11-08,-1.5456295609474182
2013-11-11,-4.978486597537994
2013-11-12,-2.918903112411499
2013-11-13,-1.995789885520935
2013-11-14,-2.2616661190986633
2013-11-15,-0.5073870420455933
2013-11-18,-3.2567588090896606
2013-11-19,1.0083391070365906
2013-11-21,-0.9291058778762817
2013-11-22,-0.996639609336853
2013-11-26,-0.9955403208732605
2013-11-27,-0.9984521865844727
2013-11-30,0.9047772884368896
2013-12-01,-0.5753573775291443
2013-12-02,-3.844918131828308
2013-12-03,-2.918617844581604
2013-12-04,-5.542155683040619
2013-12-05,-1.7653457522392273
2013-12-06,-0.9907105565071106
2013-12-09,-0.9370533227920532
2013-12-10,-2.774202346801758
2013-12-11,-2.341352105140686
2013-12-12,-7.934209823608398
2013-12-13,0.04746180772781372
2013-12-15,-0.978182315826416
2013-12-16,-2.275577187538147
2013-12-17,-1.877931535243988
2013-12-18,-9.693964004516602
2013-12-19,-9.723487257957458
2013-12-20,-5.838912129402161
2013-12-22,-0.6628392338752747
2013-12-27,-0.9231135845184326
2014-01-06,-1.88553786277771
2014-01-07,-2.17585688829422
2014-01-08,-1.9588046669960022
2014-01-09,-1.974492371082306
2014-01-10,-1.9993230700492859
2014-01-13,2.734389007091522
2014-01-14,2.365475296974182
2014-01-15,0.9983986020088196
2014-01-16,-1.997990071773529
2014-01-17,-0.9733571410179138
2014-01-18,0.991554319858551
2014-01-19,-0.9818533062934875
2014-01-20,-0.9814955592155457
2014-01-21,-0.030474543571472168
2014-01-22,-5.383746564388275
2014-01-23,-2.949930489063263
2014-01-24,-7.795434892177582
2014-01-27,-1.9663651585578918
2014-01-28,-0.9703497886657715
2014-01-30,-1.7293211817741394
2014-01-31,-6.379228591918945
2014-02-01,-0.9995088577270508
2014-02-03,-3.9876309037208557
2014-02-04,-0.994570791721344
2014-02-05,-2.941724717617035
2014-02-06,0.23226147890090942
2014-02-07,0.9993434548377991
2014-02-10,-1.0086961388587952
2014-02-11,-2.975583493709564
2014-02-12,-3.85493928194046
2014-02-13,-3.90580815076828
2014-02-14,-3.9750406742095947
2014-02-18,-1.6861636638641357
2014-02-19,-1.0822682976722717
2014-02-20,-0.9994359612464905
2014-02-21,2.979022443294525
2014-02-24,-6.172336459159851
2014-02-25,-2.900133192539215
2014-02-26,-0.6824329495429993
2014-02-27,0.5857218503952026
2014-03-03,-0.007235467433929443
2014-03-04,-2.5736963152885437
2014-03-05,-2.9638088941574097
2014-03-07,0.015276789665222168
2014-03-10,-1.9271217584609985
2014-03-12,0.9936894178390503
2014-03-13,-1.9976925253868103
2014-03-14,-0.9797936081886292
2014-03-16,-0.981312096118927
2014-03-17,0.8143675327301025
2014-03-18,-3.7369341254234314
2014-03-19,-15.789371252059937
2014-03-20,-0.040245652198791504
2014-03-21,-2.792861223220825
2014-03-24,1.0593803524971008
2014-03-25,-0.7664357423782349
2014-03-26,-2.8856281042099
2014-03-28,-1.5212379693984985
2014-03-31,-0.7942536473274231
2014-04-01,-3.7759135365486145
2014-04-02,0.5815979242324829
2014-04-03,-4.741597235202789
2014-04-06,-0.8649735450744629
2014-04-07,-5.71427994966507
2014-04-08,-1.0863524675369263
2014-04-09,-5.153287291526794
2014-04-10,0.0849502682685852
2014-04-11,0.0564841628074646
2014-04-14,-0.5657222270965576
2014-04-15,1.9001792669296265
2014-04-16,1.4101688265800476
2014-04-17,1.0008535385131836
2014-04-18,0.985867440700531
2014-04-21,-3.693569600582123
2014-04-22,0.5944918990135193
2014-04-23,-2.600810170173645
2014-04-24,-2.9305527210235596
2014-04-28,-0.9880262613296509
2014-04-29,-0.9127822518348694
2014-04-30,3.7246062755584717
2014-05-01,-3.6265631914138794
2014-05-02,-4.0769272446632385
2014-05-03,1.9580771327018738
2014-05-05,-3.968119740486145
2014-05-06,-2.902433216571808
2014-05-07,0.03612637519836426
2014-05-08,-0.9528146982192993
2014-05-09,-6.35978239774704
2014-05-12,-1.6709045767784119
2014-05-13,-0.6835479736328125
2014-05-14,-1.8729793429374695
2014-05-15,-0.9979539513587952
2014-05-16,3.4640555381774902
2014-05-17,-0.9930643439292908
2014-05-19,-2.807833433151245
2014-05-20,0.9936056137084961
2014-05-22,-1.948438584804535
2014-05-23,-1.9606268405914307
2014-05-25,0.9512085318565369
2014-05-26,-0.9446012377738953
2014-05-27,-0.9890820980072021
2014-05-28,-2.975560426712036
2014-05-29,-4.606278419494629
2014-05-30,-3.807611405849457
2014-06-02,-1.9858844876289368
2014-06-04,-2.6897643208503723
2014-06-05,-1.9618741869926453
2014-06-09,-1.9914872646331787
2014-06-10,1.8403589725494385
2014-06-11,-5.354665040969849
2014-06-14,-2.7279025316238403
2014-06-15,-0.9516579508781433
2014-06-16,-0.9440377354621887
2014-06-17,-2.375104546546936
2014-06-18,-1.2695272564888
2014-06-19,-17.169977366924286
2014-06-20,-9.72166794538498
2014-06-22,-0.6628392338752747
2014-06-23,-8.69504827260971
2014-06-24,-0.30038517713546753
2014-06-25,-1.981749951839447
2014-06-26,0.0586661696434021
2014-06-27,0.9113358855247498
2014-06-30,-0.9652335047721863
2014-07-01,-0.8725023865699768
2014-07-02,-1.0692806243896484
2014-07-07,0.00012701749801635742
2014-07-09,-0.9823421835899353
2014-07-10,0.010059952735900879
2014-07-11,-2.0117923617362976
2014-07-14,0.03960055112838745
2014-07-15,1.7710251212120056
2014-07-16,0.008076369762420654
2014-07-17,-2.9830400347709656
2014-07-18,-1.0011351108551025
2014-07-24,0.6039130687713623
2014-07-26,0.9875703454017639
2014-07-27,-0.7821013331413269
2014-07-29,-0.9961318969726562
2014-07-31,-3.596064507961273
2014-08-01,-0.9961121678352356
2014-08-02,-0.7864909768104553
2014-08-04,0.01420682668685913
2014-08-05,-2.997843384742737
2014-08-07,-0.12560665607452393
2014-08-08,-1.6484397649765015
2014-08-09,-0.9987105131149292
2014-08-11,0.8324368596076965
2014-08-12,0.9595887660980225
2014-08-13,-3.772810399532318
2014-08-14,-0.9947484135627747
2014-08-15,-0.99940025806427
2014-08-16,0.9530892372131348
2014-08-18,-2.0328474044799805
2014-08-19,0.9909182786941528
2014-08-20,-0.9932235479354858
2014-08-21,0.729759156703949
2014-08-25,-2.8804977536201477
2014-08-26,-4.7331263422966
2014-08-27,-4.445370376110077
2014-08-28,0.026621639728546143
2014-08-29,-0.11407029628753662
2014-09-01,-0.9555943012237549
2014-09-02,-1.9328486919403076
2014-09-03,-0.976005494594574
2014-09-04,-0.9655435681343079
2014-09-08,-0.9582532048225403
2014-09-09,-0.9650067090988159
2014-09-10,-0.9807329177856445
2014-09-11,-0.7823271155357361
2014-09-12,-1.800918459892273
2014-09-13,0.5937567949295044
2014-09-14,0.7400867342948914
2014-09-15,-0.9865134358406067
2014-09-16,-0.9676162600517273
2014-09-17,-3.0144432187080383
2014-09-18,-4.835817992687225
2014-09-19,-13.580449163913727
2014-09-20,-2.7788122296333313
2014-09-21,-0.9934247732162476
2014-09-22,-2.5390597581863403
2014-09-23,0.01342850923538208
2014-09-24,-1.0044830441474915
2014-09-25,-0.9975661039352417
2014-09-26,-0.9735097289085388
2014-09-29,0.031196177005767822
2014-09-30,1.0736225247383118
2014-10-01,0.01078808307647705
2014-10-02,-3.9446918964385986
2014-10-03,-4.660962820053101
2014-10-06,-1.9676730036735535
2014-10-07,0.9985116124153137
2014-10-08,-1.9301310777664185
2014-10-09,0.008126974105834961
2014-10-10,-1.7766302824020386
2014-10-13,-3.4939427971839905
2014-10-14,0.022834956645965576
2014-10-15,0.9189217686653137
2014-10-16,-1.0189160108566284
2014-10-17,0.593401312828064
2014-10-19,1.9756900072097778
2014-10-20,-0.9997220635414124
2014-10-21,-3.856702446937561
2014-10-22,-5.891516089439392
2014-10-23,-4.787562310695648
2014-10-24,-2.6036895513534546
2014-10-25,0.638938844203949
2014-10-26,-1.92281836271286
2014-10-27,1.149036467075348
2014-10-29,-0.07037878036499023
2014-10-30,-0.4675474762916565
2014-10-31,2.7381606698036194
2014-11-03,0.030696749687194824
2014-11-04,-3.778181731700897
2014-11-05,-1.9532186388969421
2014-11-06,-2.6807042956352234
2014-11-07,-0.511768102645874
2014-11-08,-0.9993222951889038
2014-11-10,-1.9130735993385315
2014-11-11,-2.9268670082092285
2014-11-12,-1.659343659877777
2014-11-13,2.899512767791748
2014-11-14,-4.665891945362091
2014-11-17,-2.940291941165924
2014-11-18,-0.9989897608757019
2014-11-19,-1.9244421124458313
2014-11-20,0.9586371183395386
2014-11-21,-0.618057370185852
2014-11-24,-0.9213088154792786
2014-11-25,-1.8567131161689758
2014-11-28,-0.9663072824478149
2014-11-30,0.8951833248138428
2014-12-01,-2.786891758441925
2014-12-02,-1.7982178330421448
2014-12-03,-0.20943433046340942
2014-12-04,0.23758339881896973
2014-12-05,0.9994766116142273
2014-12-08,-0.9252991676330566
2014-12-09,-3.8621793389320374
2014-12-10,1.9566645622253418
2014-12-11,-1.9886744022369385
2014-12-12,-1.3334786295890808
2014-12-14,-0.8644008040428162
2014-12-15,0.9027553796768188
2014-12-16,-0.7515718936920166
2014-12-17,-6.425521552562714
2014-12-18,-3.6835951805114746
2014-12-19,-5.738788604736328
2014-12-22,-4.8617249727249146
2014-12-23,-0.9953848719596863
2014-12-26,-2.9517077207565308
2014-12-29,-0.9973849654197693
2014-12-30,-5.9807716608047485
2015-01-01,0.9455636739730835
2015-01-02,0.02889496088027954
2015-01-05,-0.9877614974975586
2015-01-06,-1.987666368484497
2015-01-07,-4.520086169242859
2015-01-08,-2.2833815217018127
2015-01-09,-0.9029438495635986
2015-01-12,-3.802137553691864
2015-01-13,-0.13066309690475464
2015-01-15,-0.012768983840942383
2015-01-16,-1.607788324356079
2015-01-19,-0.9156679511070251
2015-01-20,-0.9727078080177307
2015-01-21,0.7462298274040222
2015-01-23,-3.758261799812317
2015-01-25,0.9994295239448547
2015-01-26,-0.2398943305015564
2015-01-27,-5.978438675403595
2015-01-29,-3.798620283603668
2015-01-30,-3.8652725219726562
2015-02-02,-1.898712694644928
2015-02-03,-0.955849826335907
2015-02-04,-0.9982960820198059
2015-02-05,-0.9139691591262817
2015-02-06,0.9583733081817627
2015-02-08,-0.09687763452529907
2015-02-09,0.02743220329284668
2015-02-10,0.9985062479972839
2015-02-11,0.09153813123703003
2015-02-12,2.414553701877594
2015-02-13,0.1493852138519287
2015-02-16,-0.001868605613708496
2015-02-17,-3.214548647403717
2015-02-18,1.9862639904022217
2015-02-19,-0.8370375037193298
2015-02-20,1.9886064529418945
2015-02-23,0.4951915740966797
2015-02-24,0.9924037456512451
2015-02-25,-2.312377631664276
2015-02-26,0.9184504747390747
2015-02-27,-1.9835018515586853
2015-02-28,1.8544439673423767
2015-03-01,0.9419625401496887
2015-03-02,-0.9137346744537354
2015-03-03,-0.5817210674285889
2015-03-04,-0.09861010313034058
2015-03-05,0.9776695370674133
2015-03-06,-0.029270946979522705
2015-03-10,-2.7107222080230713
2015-03-11,0.008708655834197998
2015-03-12,-0.01660013198852539
2015-03-13,-0.9061172604560852
2015-03-15,0.720723032951355
2015-03-16,-8.229472875595093
2015-03-17,-6.689305365085602
2015-03-18,0.8542523384094238
2015-03-19,-2.910369336605072
2015-03-20,-0.9088662266731262
2015-03-23,-8.734405934810638
2015-03-24,0.1645563244819641
2015-03-25,-2.989236533641815
2015-03-26,-0.9777873754501343
2015-03-27,0.5976954102516174
2015-03-28,-0.9669995307922363
2015-03-30,-5.383474409580231
2015-03-31,0.909037172794342
2015-04-01,1.6701446175575256
2015-04-02,-1.9672120809555054
2015-04-03,-0.9068307280540466
2015-04-06,-0.3656231760978699
2015-04-07,1.267395257949829
2015-04-11,0.5930725336074829
2015-04-13,-0.8736997842788696
2015-04-14,-3.922054171562195
2015-04-15,-2.5600028038024902
2015-04-16,-1.9923064708709717
2015-04-17,-2.2083372473716736
2015-04-20,2.3912870287895203
2015-04-21,-0.9909921884536743
2015-04-22,1.872587502002716
2015-04-23,-8.40710860490799
2015-04-24,1.839152753353119
2015-04-26,-0.9945928454399109
2015-04-27,0.9918445944786072
2015-04-28,0.9926185011863708
2015-04-29,-10.698557913303375
2015-04-30,-2.707046329975128
2015-05-01,-3.265471041202545
2015-05-02,-0.8724537491798401
2015-05-05,-1.2245248556137085
2015-05-06,-3.884358584880829
2015-05-07,-2.2953227758407593
2015-05-08,-6.720327794551849
2015-05-11,-1.570592999458313
2015-05-12,-3.8656681180000305
2015-05-14,-4.546351671218872
2015-05-15,0.07370913028717041
2015-05-16,-0.9824716448783875
2015-05-18,0.9912890791893005
2015-05-19,-2.7966394424438477
2015-05-20,-2.928445041179657
2015-05-21,0.9642103910446167
2015-05-22,-1.8568291068077087
2015-05-24,-0.9907307028770447
2015-05-26,-1.9545080065727234
2015-05-27,-12.843798458576202
2015-05-28,-8.541192471981049
2015-05-29,-1.264982283115387
2015-06-01,0.7143754363059998
2015-06-02,-5.417348504066467
2015-06-03,0.027720212936401367
2015-06-04,-0.23690921068191528
2015-06-05,-2.7936174869537354
2015-06-07,-0.9400308728218079
2015-06-08,-2.6583229899406433
2015-06-09,-0.9532924294471741
2015-06-10,-2.114311456680298
2015-06-11,-1.1794070601463318
2015-06-12,-4.8855708837509155
2015-06-14,-1.648609459400177
2015-06-15,-5.741315305233002
2015-06-16,-1.4491086602210999
2015-06-17,0.4723486304283142
2015-06-18,-12.51902824640274
2015-06-19,-0.6083768606185913
2015-06-20,-0.9531418681144714
2015-06-21,0.9241889715194702
2015-06-22,0.05748254060745239
2015-06-23,-0.7977995872497559
2015-06-24,-2.5264147520065308
2015-06-25,0.7407193183898926
2015-06-26,-0.1847548484802246
2015-06-27,-0.9764109253883362
2015-06-29,-6.4258710741996765
2015-07-01,-0.5070639848709106
2015-07-02,-2.032264471054077
2015-07-03,-0.9786677956581116
2015-07-06,-0.9655693769454956
2015-07-07,-3.999931514263153
2015-07-09,-2.953645706176758
2015-07-10,-0.9941897392272949
2015-07-13,-0.9940400719642639
2015-07-14,-0.9959061145782471
2015-07-15,-3.9946483373641968
2015-07-16,-1.5154351592063904
2015-07-17,0.01666414737701416
2015-07-20,-1.7561583518981934
2015-07-21,1.4780671000480652
2015-07-22,-2.691099524497986
2015-07-23,-3.905563712120056
2015-07-27,-0.978175699710846
2015-07-28,-1.9969951510429382
2015-07-29,-5.4099507331848145
2015-07-30,-6.936947345733643
2015-08-03,-0.1732732653617859
2015-08-04,0.9290061593055725
2015-08-05,0.9530892372131348
2015-08-06,-1.0375180840492249
2015-08-07,-3.349610686302185
2015-08-09,-0.025852084159851074
2015-08-10,2.9806333780288696
2015-08-11,-0.08746218681335449
2015-08-12,-0.9638309478759766
2015-08-13,0.1543281078338623
2015-08-14,-1.9810771346092224
2015-08-15,0.9983527660369873
2015-08-16,1.976098120212555
2015-08-17,-0.9996553659439087
2015-08-18,0.9936076402664185
2015-08-19,-2.982740342617035
2015-08-20,1.2817504405975342
2015-08-21,0.9776816368103027
2015-08-23,-1.3696649074554443
2015-08-24,-2.9725244641304016
2015-08-25,-0.7392574548721313
2015-08-26,-4.761014401912689
2015-08-27,-3.351635992527008
2015-08-28,-0.9908519387245178
2015-08-30,-0.8537305593490601
2015-09-01,-3.444470703601837
2015-09-04,0.8736280798912048
2015-09-08,1.1176334023475647
2015-09-09,1.1759033203125
2015-09-10,-4.774343729019165
2015-09-11,-0.03326010704040527
2015-09-13,-0.06041395664215088
2015-09-14,-1.9881219863891602
2015-09-15,-1.0233410000801086
2015-09-16,-4.846664786338806
2015-09-17,-6.85803097486496
2015-09-18,-1.8813146948814392
2015-09-21,-0.9978373646736145
2015-09-23,0.8868278861045837
2015-09-24,-0.9907500147819519
2015-09-25,0.983744204044342
2015-09-28,-1.9442604184150696
2015-09-29,-2.001661479473114
2015-09-30,-0.006645560264587402
2015-10-01,-2.400575578212738
2015-10-02,-0.9751315116882324
2015-10-05,1.9765837788581848
2015-10-07,0.9969538450241089
2015-10-08,-1.9660561680793762
2015-10-09,-2.9231156706809998
2015-10-11,0.9985703229904175
2015-10-12,-17.681009113788605
2015-10-13,2.8766483068466187
2015-10-14,-3.8660888671875
2015-10-16,-2.952915370464325
2015-10-18,-0.9988417029380798
2015-10-19,-5.973585367202759
2015-10-20,0.9965780377388
2015-10-21,1.6987134218215942
2015-10-22,-1.8435830473899841
2015-10-23,2.014571249485016
2015-10-25,-0.9559392929077148
2015-10-26,-2.712374985218048
2015-10-27,0.9724352955818176
2015-10-28,-0.9968546032905579
2015-10-29,0.7442701458930969
2015-10-30,-1.6150802969932556
2015-11-03,-3.663123905658722
2015-11-04,-0.9989282488822937
2015-11-05,-9.022474646568298
2015-11-06,-0.5464044213294983
2015-11-07,-1.9737544059753418
2015-11-08,0.8630082607269287
2015-11-09,0.006090641021728516
2015-11-10,-0.938711404800415
2015-11-11,-2.998333692550659
2015-11-13,-1.9116499423980713
2015-11-16,2.06821608543396
2015-11-17,0.9983482360839844
2015-11-19,1.960670530796051
2015-11-20,0.977209210395813
2015-11-22,0.9965305924415588
2015-11-24,1.8110721111297607
2015-11-28,-0.976350724697113
2015-11-30,-1.1627882719039917
2015-12-01,-2.2638855576515198
2015-12-02,-2.8356722593307495
2015-12-03,0.03453105688095093
2015-12-04,-3.5910245776176453
2015-12-07,-3.8269105553627014
2015-12-08,-2.0259079337120056
2015-12-09,-2.8705349564552307
2015-12-10,0.0009418129920959473
2015-12-11,-2.9788068532943726
2015-12-12,-0.8905050158500671
2015-12-13,-0.9968931674957275
2015-12-14,-2.9911012649536133
2015-12-15,-3.9890235662460327
2015-12-16,-10.099043905735016
2015-12-17,-3.876381576061249
2015-12-18,0.8208960294723511
2015-12-19,0.9874317646026611
2015-12-21,-2.007433593273163
2015-12-22,1.001737892627716
2015-12-23,-1.9720798134803772
2015-12-24,-2.469970941543579
2015-12-28,-2.7784242033958435
2015-12-29,-0.9495643377304077
2015-12-30,1.244324505329132
2016-01-04,-1.0838486552238464
2016-01-05,0.6688497066497803
2016-01-06,-3.3765613436698914
2016-01-07,0.6928786039352417
2016-01-08,-3.2277448773384094
2016-01-11,-2.9909210205078125
2016-01-12,-1.777076244354248
2016-01-13,-2.9470934867858887
2016-01-14,-6.40640789270401
2016-01-15,-2.966116189956665
2016-01-19,-1.2473700046539307
2016-01-20,-1.9942618608474731
2016-01-21,0.16614240407943726
2016-01-22,-2.061852276325226
2016-01-24,0.985358476638794
2016-01-25,0.9876604080200195
2016-01-26,2.3371307849884033
2016-01-27,-1.9727928042411804
2016-01-28,-0.8593475222587585
2016-01-29,-4.764786541461945
2016-02-01,1.0475168824195862
2016-02-02,-2.521594226360321
2016-02-03,-2.7137287259101868
2016-02-04,-3.9644047617912292
2016-02-05,-2.459105134010315
2016-02-08,-2.9417797327041626
2016-02-09,-0.9978364109992981
2016-02-10,-0.9651366472244263
2016-02-11,-2.914311408996582
2016-02-12,-3.9671390056610107
2016-02-13,-0.9981389045715332
2016-02-16,-5.398716568946838
2016-02-17,-2.921310603618622
2016-02-18,-2.451898753643036
2016-02-19,-1.9895996451377869
2016-02-22,-2.35747367143631
2016-02-23,-1.6324149370193481
2016-02-24,-0.9997089505195618
2016-02-26,-0.49444419145584106
2016-02-29,-0.5000413656234741
2016-03-01,-0.9428994655609131
2016-03-02,-3.8566569685935974
2016-03-03,-2.186895728111267
2016-03-04,-9.255990624427795
2016-03-07,1.6423224806785583
2016-03-08,-3.1401472091674805
2016-03-10,-2.8811185359954834
2016-03-11,-2.8733507990837097
2016-03-13,-0.9308422803878784
2016-03-14,-3.6290929913520813
2016-03-15,-2.2638408541679382
2016-03-16,-3.3249791264533997
2016-03-17,-1.942337155342102
2016-03-18,-2.5175576210021973
2016-03-21,0.8716764450073242
2016-03-22,-1.9678776860237122
2016-03-23,-1.323305070400238
2016-03-24,0.9413862228393555
2016-03-25,-0.9974663257598877
2016-03-28,-1.9883761405944824
2016-03-29,-2.9180856943130493
2016-03-30,-0.9588708877563477
2016-03-31,1.0888611674308777
2016-04-04,-2.5987216234207153
2016-04-05,1.0081877708435059
2016-04-06,-3.32220458984375
2016-04-08,-0.04383927583694458
2016-04-11,0.015704452991485596
2016-04-12,-2.98996239900589
2016-04-13,-1.8778061866760254
2016-04-14,-0.9993537068367004
2016-04-15,-4.466679096221924
2016-04-18,-2.870703935623169
2016-04-19,0.9887493848800659
2016-04-20,-0.8697544932365417
2016-04-21,0.0025444626808166504
2016-04-22,-0.9770078659057617
2016-04-23,0.9731647372245789
2016-04-24,-0.6628392338752747
2016-04-25,1.6441972255706787
2016-04-26,-7.647623062133789
2016-04-27,-3.8830244541168213
2016-04-28,-6.411972463130951
2016-04-29,-0.8840593695640564
2016-04-30,0.03760033845901489
2016-05-02,-4.979106843471527
2016-05-03,-1.2086394429206848
2016-05-04,-0.7646589875221252
2016-05-05,0.991186797618866
2016-05-06,0.006558716297149658
2016-05-09,-0.9967683553695679
2016-05-10,-0.9852864742279053
2016-05-11,0.0005512237548828125
2016-05-12,-4.938753664493561
2016-05-13,5.922129929065704
2016-05-14,0.9600399136543274
2016-05-16,0.07353657484054565
2016-05-17,-1.690291166305542
2016-05-18,-4.992602109909058
2016-05-19,-2.7279956340789795
2016-05-20,0.983744204044342
2016-05-23,-2.8759226202964783
2016-05-24,0.962324321269989
2016-05-25,-1.7294671535491943
2016-05-26,-1.9799214601516724
2016-05-29,0.9884337782859802
2016-05-30,-0.9931373596191406
2016-05-31,-2.8481940627098083
2016-06-01,-0.020478367805480957
2016-06-02,-5.268443465232849
2016-06-03,-3.569201350212097
2016-06-05,0.999347984790802
2016-06-06,-1.7395345568656921
2016-06-07,-2.8226853013038635
2016-06-08,-0.8969621658325195
2016-06-09,1.9570212364196777
2016-06-10,-0.7118041515350342
2016-06-12,0.7125202417373657
2016-06-13,1.6851055026054382
2016-06-14,-3.0562204718589783
2016-06-15,1.3704137206077576
2016-06-16,1.4434794187545776
2016-06-17,-8.618829727172852
2016-06-20,-0.023362398147583008
2016-06-21,-2.0257554054260254
2016-06-23,-0.8292965888977051
2016-06-24,-0.6857786178588867
2016-06-27,0.9993197917938232
2016-06-28,-3.2774166464805603
2016-06-29,-4.321772456169128
2016-06-30,-1.831490397453308
2016-07-01,-4.58948814868927
2016-07-05,0.9556682109832764
2016-07-06,-1.8132943511009216
2016-07-08,-0.9940817952156067
2016-07-11,1.0047188997268677
2016-07-12,-5.1049323081970215
2016-07-13,-2.5172765254974365
2016-07-14,-3.192316949367523
2016-07-15,-4.024560451507568
2016-07-17,-0.6628392338752747
2016-07-18,-2.3780229687690735
2016-07-19,-8.20340633392334
2016-07-20,-3.220091223716736
2016-07-21,-1.049734890460968
2016-07-22,-2.7775257229804993
2016-07-25,-0.9024789929389954
2016-07-26,-2.7180930972099304
2016-07-27,-0.41613125801086426
2016-07-28,-5.3442941308021545
2016-07-29,-0.0075539350509643555
2016-08-02,-1.8723876476287842
2016-08-04,-0.993730902671814
2016-08-05,-1.0518997311592102
2016-08-07,-0.004997074604034424
2016-08-08,-0.1197933554649353
2016-08-09,-3.9770869612693787
2016-08-10,5.148959577083588
2016-08-11,-4.105862498283386
2016-08-12,0.6379787921905518
2016-08-15,3.7272913455963135
2016-08-17,-1.9872879385948181
2016-08-18,-1.9694218039512634
2016-08-19,-2.5949474573135376
2016-08-22,-3.8550409078598022
2016-08-23,-4.099215507507324
2016-08-24,0.4963805675506592
2016-08-25,-3.3795560002326965
2016-08-26,-1.8101301193237305
2016-08-29,-7.19313770532608
2016-08-30,-5.867865800857544
2016-08-31,-3.952541470527649
2016-09-01,-3.804142475128174
2016-09-02,-2.8698692321777344
2016-09-06,-4.157106459140778
2016-09-07,-3.1286059617996216
2016-09-08,-2.573969542980194
2016-09-09,-1.223750650882721
2016-09-12,-0.01994079351425171
2016-09-13,-14.951856851577759
2016-09-14,-1.3733398914337158
2016-09-15,-1.9214354157447815
2016-09-16,-6.829325199127197
2016-09-17,-0.9969398975372314
2016-09-18,1.9805755615234375
2016-09-19,-4.934729218482971
2016-09-20,-6.974335849285126
2016-09-21,-6.942765593528748
2016-09-22,0.895439863204956
2016-09-23,2.835304915904999
2016-09-24,0.9992462396621704
2016-09-26,-2.9717814326286316
2016-09-27,2.305818557739258
2016-09-28,-4.6745768785476685
2016-09-29,-6.081532835960388
2016-09-30,-1.8919223546981812
2016-10-03,-1.4331279397010803
2016-10-04,-8.625016570091248
2016-10-05,-15.691104173660278
2016-10-06,-6.112402558326721
2016-10-07,-11.266726315021515
2016-10-09,-0.9138797521591187
2016-10-10,-5.246525764465332
2016-10-11,0.5053366422653198
2016-10-12,-0.8929799199104309
2016-10-13,-2.1463263630867004
2016-10-14,-1.0041122436523438
2016-10-17,-12.189510762691498
2016-10-18,-0.41866666078567505
2016-10-19,-0.47509628534317017
2016-10-20,-0.9127731323242188
2016-10-21,-2.2784398198127747
2016-10-23,-0.9640862345695496
2016-10-24,-9.083096086978912
2016-10-25,-3.9996634125709534
2016-10-26,-0.9736631512641907
2016-10-27,0.7051194310188293
2016-10-28,-10.043740153312683
2016-10-30,-0.9837871193885803
2016-10-31,-0.38074809312820435
2016-11-01,-14.321731984615326
2016-11-02,-8.685745120048523
2016-11-03,-4.9294798374176025
2016-11-04,-1.7201180458068848
2016-11-05,-0.9564558863639832
2016-11-07,-2.33305686712265
2016-11-08,-2.2526025772094727
2016-11-09,-0.9748984575271606
2016-11-10,-8.875608265399933
2016-11-11,7.592298865318298
2016-11-13,-0.8626701235771179
2016-11-14,-7.899394452571869
2016-11-15,-2.3552704453468323
2016-11-16,1.7954851388931274
2016-11-17,-2.9218176007270813
2016-11-18,-5.24166214466095
2016-11-19,1.7334195375442505
2016-11-21,-5.805972158908844
2016-11-22,-1.824821412563324
2016-11-23,-25.141688644886017
2016-11-25,-4.123988211154938
2016-11-26,-0.9734304547309875
2016-11-27,-0.9396222233772278
2016-11-28,-5.567526757717133
2016-11-29,-0.579136848449707
2016-11-30,-0.005849123001098633
2016-12-01,-1.9668151140213013
2016-12-02,-3.3282105922698975
2016-12-03,-0.8730985522270203
2016-12-04,-1.9985280632972717
2016-12-05,-5.808986067771912
2016-12-06,-2.9423145055770874
2016-12-07,-4.350056409835815
2016-12-08,-9.709124863147736
2016-12-09,-2.5099799036979675
2016-12-10,0.9980219602584839
2016-12-11,-0.9990752935409546
2016-12-12,-12.7119300365448
2016-12-13,-3.7859527468681335
2016-12-14,-5.716908931732178
2016-12-15,-0.06359922885894775
2016-12-16,-1.3187235593795776
2016-12-17,-1.9383571147918701
2016-12-18,-2.879924774169922
2016-12-19,4.953831076622009
2016-12-20,3.6358951926231384
2016-12-21,-3.756333827972412
2016-12-22,-5.7903735637664795
2016-12-23,1.826529860496521
2016-12-24,-0.9104255437850952
2016-12-26,-0.994468092918396
2016-12-27,-0.8100917935371399
2016-12-28,-5.209978401660919
2016-12-29,-5.042816519737244
2016-12-30,-2.5691628456115723
2016-12-31,-0.728994607925415
2017-01-02,-0.5633559823036194
2017-01-03,-1.1667314171791077
2017-01-04,-3.396080732345581
2017-01-05,-4.319138944149017
2017-01-06,0.49003690481185913
2017-01-08,0.9304817914962769
2017-01-09,0.7255131602287292
2017-01-10,-0.4447405934333801
2017-01-11,2.0671942234039307
2017-01-12,-6.096078932285309
2017-01-13,3.51730215549469
2017-01-15,-0.9566817283630371
2017-01-16,-0.9933825731277466
2017-01-17,-7.872991621494293
2017-01-18,-13.007485091686249
2017-01-19,0.8924133777618408
2017-01-20,0.5687235593795776
2017-01-22,-0.7210063934326172
2017-01-23,0.6003576517105103
2017-01-24,1.6683573126792908
2017-01-25,-2.8656622171401978
2017-01-26,-2.829594671726227
2017-01-27,-0.859300971031189
2017-01-28,-0.9793675541877747
2017-01-29,-0.36380863189697266
2017-01-30,-2.953672409057617
2017-01-31,-10.825268685817719
2017-02-01,-3.910033941268921
2017-02-02,-1.9336971640586853
2017-02-03,-1.6929379105567932
2017-02-05,-0.9509156346321106
2017-02-06,-3.812579572200775
2017-02-07,-1.9151517748832703
2017-02-08,-1.868753731250763
2017-02-09,-4.532574355602264
2017-02-10,-2.2332679629325867
2017-02-11,0.9871037602424622
2017-02-12,-0.8389326930046082
2017-02-13,-4.449151694774628
2017-02-14,-6.269126892089844
2017-02-15,-3.002050757408142
2017-02-16,-5.828148186206818
2017-02-17,-5.0043535232543945
2017-02-21,-0.2220461368560791
2017-02-22,-5.9374242424964905
2017-02-23,-2.2822667360305786
2017-02-24,-4.851360499858856
2017-02-25,0.4411460757255554
2017-02-26,1.8447728157043457
2017-02-27,-9.142858445644379
2017-02-28,2.263636291027069
2017-03-01,-4.670472204685211
2017-03-02,-9.25890451669693
2017-03-03,-2.2113247513771057
2017-03-04,0.03528088331222534
2017-03-05,0.9304224848747253
2017-03-06,-6.820049285888672
2017-03-07,2.2923691868782043
2017-03-08,-0.8285104036331177
2017-03-09,3.4549529552459717
2017-03-10,-2.559592604637146
2017-03-11,0.009408354759216309
2017-03-12,-0.9403706192970276
2017-03-13,-6.671188950538635
2017-03-14,-4.666173160076141
2017-03-15,-4.1167216300964355
2017-03-16,-3.7169507145881653
2017-03-17,-4.847147285938263
2017-03-18,1.70409494638443
2017-03-19,-0.9940662384033203
2017-03-20,-1.071736991405487
2017-03-21,-1.9677975177764893
2017-03-22,-1.4523131251335144
2017-03-23,-4.406266689300537
2017-03-24,1.991542637348175
2017-03-25,-1.7120661735534668
2017-03-27,0.009563684463500977
2017-03-28,-1.7161471843719482
2017-03-29,-3.7084198594093323
2017-03-30,-2.427747428417206
2017-03-31,-1.9675362706184387
2017-04-02,-0.9894357919692993
2017-04-03,-3.924015164375305
2017-04-04,-3.9144805669784546
2017-04-05,-5.780108690261841
2017-04-06,-3.5944747924804688
2017-04-07,-2.2522271275520325
2017-04-08,1.9820480346679688
2017-04-09,0.6120374202728271
2017-04-10,-6.756078004837036
2017-04-11,0.2986822724342346
2017-04-12,-3.6270275712013245
2017-04-13,-1.5257948637008667
2017-04-14,-1.9669787883758545
2017-04-16,0.06328505277633667
2017-04-17,-22.687724590301514
2017-04-18,-2.4349555373191833
2017-04-19,0.9237395524978638
2017-04-20,-0.07233548164367676
2017-04-21,-1.8881565928459167
2017-04-24,-0.37543225288391113
2017-04-25,0.4146087169647217
2017-04-26,0.01188206672668457
2017-04-27,-6.866098940372467
2017-04-28,-2.9597851037979126
2017-04-30,-0.9780921339988708
2017-05-01,-0.6812997460365295
2017-05-02,-3.7937667965888977
2017-05-03,-2.5888368487358093
2017-05-04,-4.382252275943756
2017-05-05,-1.910776436328888
2017-05-06,-0.06518733501434326
2017-05-07,0.9636645913124084
2017-05-08,-3.286926567554474
2017-05-09,2.6202505826950073
2017-05-10,-3.474117398262024
2017-05-11,-1.708074688911438
2017-05-12,1.1099369525909424
2017-05-13,-0.9663816690444946
2017-05-14,-0.8643383979797363
2017-05-15,-4.612509548664093
2017-05-16,-7.407024800777435
2017-05-17,-0.679216742515564
2017-05-18,-1.6433789134025574
2017-05-19,-5.80964583158493
2017-05-20,-0.9534041881561279
2017-05-21,-0.9769197702407837
2017-05-22,-0.6010977029800415
2017-05-23,-4.028292655944824
2017-05-24,-1.7444655299186707
2017-05-25,-1.4614507555961609
2017-05-26,-0.14580905437469482
2017-05-27,-0.9828693270683289
2017-05-29,-0.9211580753326416
2017-05-30,0.026908278465270996
2017-05-31,-4.29635089635849
2017-06-01,-3.828343689441681
2017-06-02,-9.721242547035217
2017-06-03,0.04147028923034668
2017-06-04,-0.9870785474777222
2017-06-05,-1.5894526839256287
2017-06-06,1.139008343219757
2017-06-07,-2.919079005718231
2017-06-08,1.1012641787528992
2017-06-09,-14.84350448846817
2017-06-11,-0.6301196217536926
2017-06-12,-2.250997841358185
2017-06-13,-4.414533913135529
2017-06-14,1.8045782446861267
2017-06-15,-0.4438410997390747
2017-06-16,-5.896453619003296
2017-06-18,-1.9814395904541016
2017-06-19,-3.7903688549995422
2017-06-20,-3.549233078956604
2017-06-21,-3.939176023006439
2017-06-22,-3.994086980819702
2017-06-23,-7.275828659534454
2017-06-25,0.010083019733428955
2017-06-26,0.9251977801322937
2017-06-27,-3.9304311871528625
2017-06-28,-1.1237507462501526
2017-06-29,3.845283269882202
2017-06-30,1.9943023920059204
2017-07-01,-0.9964908957481384
2017-07-03,-5.6731292605400085
2017-07-04,-0.018483996391296387
2017-07-05,-3.660577952861786
2017-07-06,-2.041389584541321
2017-07-07,-2.076839029788971
2017-07-09,-0.8275676369667053
2017-07-10,-8.138509333133698
2017-07-11,-3.745453715324402
2017-07-12,0.07934832572937012
2017-07-13,0.48390382528305054
2017-07-14,0.16295009851455688
2017-07-15,0.9963588118553162
2017-07-16,0.011003315448760986
2017-07-17,-15.860764384269714
2017-07-18,-9.24690568447113
2017-07-19,-7.837135195732117
2017-07-20,-2.0649919509887695
2017-07-21,-6.213766396045685
2017-07-22,1.2010888457298279
2017-07-23,-0.9766258001327515
2017-07-24,-3.117314398288727
2017-07-25,-2.546569585800171
2017-07-26,-5.949596703052521
2017-07-27,-6.270537257194519
2017-07-28,-2.853178381919861
2017-07-29,-0.9864748120307922
2017-07-30,1.2155763506889343
2017-07-31,-2.827410936355591
2017-08-01,-3.99670147895813
2017-08-02,-2.9458330869674683
2017-08-03,-2.156157076358795
2017-08-04,-1.6783804893493652
2017-08-07,-8.30718344449997
2017-08-08,-4.003637194633484
2017-08-09,-3.37186199426651
2017-08-10,-6.0732200145721436
2017-08-11,-1.7160937786102295
2017-08-13,0.9862661957740784
2017-08-14,-7.2672024965286255
2017-08-15,2.6844794154167175
2017-08-16,-0.16521960496902466
2017-08-17,2.682928204536438
2017-08-18,-4.492239058017731
2017-08-19,-1.9329075813293457
2017-08-20,-1.9919939637184143
2017-08-21,-1.0169835090637207
2017-08-22,-1.992235541343689
2017-08-23,2.6498977541923523
2017-08-24,-2.9784003496170044
2017-08-25,3.502708077430725
2017-08-27,-0.9919583797454834
2017-08-28,0.4585811495780945
2017-08-29,-1.7627087235450745
2017-08-30,-3.60192734003067
2017-08-31,0.3583792448043823
2017-09-01,1.748883605003357
2017-09-02,-0.9997159838676453
2017-09-03,-0.9934884309768677
2017-09-04,-0.9993231296539307
2017-09-05,-2.004503011703491
2017-09-06,-9.31493616104126
2017-09-07,-4.338129222393036
2017-09-08,-0.3551713824272156
2017-09-09,-0.8951406478881836
2017-09-10,-2.695014238357544
2017-09-11,-3.8672985434532166
2017-09-12,-0.7270312905311584
2017-09-13,2.5087082386016846
2017-09-14,-4.875901281833649
2017-09-15,-9.724093556404114
2017-09-16,0.8080434203147888
2017-09-17,-2.9482176899909973
2017-09-18,-7.940509378910065
2017-09-19,-2.6584564447402954
2017-09-20,-5.877711892127991
2017-09-21,-8.877880930900574
2017-09-22,-0.7381843328475952
2017-09-24,-0.930054783821106
2017-09-25,-3.355954170227051
2017-09-26,-2.0113138556480408
2017-09-27,-2.8724430799484253
2017-09-28,2.7851898074150085
2017-09-29,-0.023920774459838867
2017-10-02,-7.628531873226166
2017-10-03,-2.638854444026947
2017-10-04,-1.4626691341400146
2017-10-05,-8.120343387126923
2017-10-06,-0.7558334469795227
2017-10-08,-0.9941962957382202
2017-10-09,-0.5404152274131775
2017-10-10,-16.827255845069885
2017-10-11,-13.41980129480362
2017-10-12,-0.3554568886756897
2017-10-13,-3.8615562915802
2017-10-15,-0.21753466129302979
2017-10-16,-7.589762270450592
2017-10-17,0.3923521041870117
2017-10-18,-10.491329610347748
2017-10-19,-8.571862518787384
2017-10-20,-6.227704882621765
2017-10-22,-0.010151207447052002
2017-10-23,4.8884031772613525
2017-10-24,-4.939974904060364
2017-10-25,-1.7970448732376099
2017-10-26,-3.789389133453369
2017-10-27,-3.986570358276367
2017-10-29,-0.9992121458053589
2017-10-30,-8.814105033874512
2017-10-31,1.8849183320999146
2017-11-01,-1.973019540309906
2017-11-02,-4.306986570358276
2017-11-03,-8.984093070030212
2017-11-05,-0.027688026428222656
2017-11-06,-25.49052393436432
2017-11-07,-2.210569679737091
2017-11-08,-3.630741000175476
2017-11-09,-12.504468560218811
2017-11-10,-12.619278490543365
2017-11-11,0.995704710483551
2017-11-12,-1.9674383997917175
2017-11-13,-5.1246039271354675
2017-11-14,-0.37395530939102173
2017-11-15,-5.441725432872772
2017-11-16,-2.0492875576019287
2017-11-17,-1.7882062196731567
2017-11-19,0.02631378173828125
2017-11-20,-3.122266113758087
2017-11-21,-2.288147747516632
2017-11-22,-4.977467894554138
2017-11-23,0.9899280667304993
2017-11-24,-1.5906027555465698
2017-11-26,-0.0017796158790588379
2017-11-27,-2.9754876494407654
2017-11-28,-7.811589539051056
2017-11-29,-8.324098229408264
2017-11-30,-1.066284418106079
2017-12-01,-0.348483145236969
2017-12-03,-1.9954208731651306
2017-12-04,-14.133980393409729
2017-12-05,-3.2932324409484863
2017-12-06,-8.017385959625244
2017-12-07,-12.670232772827148
2017-12-08,-4.352934956550598
2017-12-09,1.1123725771903992
2017-12-10,-0.9827022552490234
2017-12-11,-1.9325650930404663
2017-12-12,-6.823647499084473
2017-12-13,2.9290578961372375
2017-12-14,-9.396336674690247
2017-12-15,-9.276914715766907
2017-12-17,-3.073564887046814
2017-12-18,-4.395861625671387
2017-12-19,1.5543590784072876
2017-12-20,1.5027351379394531
2017-12-21,-5.815775394439697
2017-12-22,-5.682254791259766
2017-12-23,0.9260427951812744
2017-12-25,0.9773812294006348
2017-12-26,0.9919907450675964
2017-12-27,-3.6827971935272217
2017-12-28,-3.1397058963775635
2017-12-29,1.6338905692100525
2017-12-30,0.9974440932273865
2018-01-02,-4.177204012870789
2018-01-03,-4.9293049573898315
2018-01-04,-4.572392046451569
2018-01-05,-6.052921533584595
2018-01-06,-0.9713410139083862
2018-01-07,-1.3361080884933472
2018-01-08,-4.353371202945709
2018-01-09,-3.8757678866386414
2018-01-10,-3.710907816886902
2018-01-11,-3.744886577129364
2018-01-12,0.14760756492614746
2018-01-14,-1.8704725503921509
2018-01-15,-1.3204216361045837
2018-01-16,-5.807880163192749
2018-01-17,-2.9563257098197937
2018-01-18,-4.471384644508362
2018-01-19,-10.63593578338623
2018-01-20,-2.9285041093826294
2018-01-22,-10.183546423912048
2018-01-23,-20.518552839756012
2018-01-24,-4.374742388725281
2018-01-25,-6.821094751358032
2018-01-26,-1.4491631388664246
2018-01-27,-0.6660266518592834
2018-01-28,0.007272124290466309
2018-01-29,-9.161178529262543
2018-01-30,-2.01036274433136
2018-01-31,-9.876221179962158
2018-02-01,-9.79998654127121
2018-02-02,-4.540220141410828
2018-02-03,-0.9720180630683899
2018-02-04,-3.4867721796035767
2018-02-05,-8.2010937333107
2018-02-06,-3.1566378474235535
2018-02-07,-6.487604975700378
2018-02-08,-8.697082221508026
2018-02-09,-12.655466198921204
2018-02-10,-0.9994044303894043
2018-02-11,-1.860435128211975
2018-02-12,-0.7683712244033813
2018-02-13,-7.260356426239014
2018-02-14,-6.837256550788879
2018-02-15,-6.64221578836441
2018-02-16,-6.002217411994934
2018-02-18,-0.3188892602920532
2018-02-19,-0.9987635612487793
2018-02-20,-9.531934678554535
2018-02-21,-5.891601085662842
2018-02-22,-7.698065936565399
2018-02-23,-0.9528837203979492
2018-02-24,-0.013233840465545654
2018-02-25,-1.2403589487075806
2018-02-26,-4.3421825766563416
2018-02-27,-5.075966715812683
2018-02-28,-2.2748117446899414
2018-03-01,-2.149597644805908
2018-03-02,0.008507966995239258
2018-03-05,-10.715978682041168
2018-03-06,-0.771883487701416
2018-03-07,-7.55679577589035
2018-03-08,-4.402421057224274
2018-03-09,-8.941315650939941
2018-03-10,-2.880977213382721
2018-03-11,-2.949793815612793
2018-03-12,-26.825322687625885
2018-03-13,-17.899880826473236
2018-03-14,-10.911895215511322
2018-03-15,-10.716329336166382
2018-03-16,-13.56762683391571
2018-03-17,-2.855629563331604
2018-03-18,-3.000575840473175
2018-03-19,-0.036149024963378906
2018-03-20,-17.967733204364777
2018-03-21,-1.0408653616905212
2018-03-22,-1.9751056432724
2018-03-23,-5.20055878162384
2018-03-24,-0.9951706528663635
2018-03-25,-0.9881631731987
2018-03-26,-4.845715880393982
2018-03-27,-5.722888290882111
2018-03-28,-6.901643633842468
2018-03-29,-0.9912101030349731
2018-03-30,-0.9845510125160217
2018-03-31,0.8763747215270996
2018-04-01,-1.955273449420929
2018-04-02,-4.778808176517487
2018-04-03,-3.0251107811927795
2018-04-04,-7.344145774841309
2018-04-05,-10.815057873725891
2018-04-06,-2.72627329826355
2018-04-08,-0.9848041534423828
2018-04-09,-1.9548017382621765
2018-04-10,-3.6709594130516052
2018-04-11,-0.5795249938964844
2018-04-12,-4.611331045627594
2018-04-13,-7.022503733634949
2018-04-16,-10.027499198913574
2018-04-17,-15.378438353538513
2018-04-18,0.30521732568740845
2018-04-19,-13.210640966892242
2018-04-20,-10.903726279735565
2018-04-21,-1.9320233464241028
2018-04-22,-1.5836402773857117
2018-04-23,-4.843598663806915
2018-04-24,-6.604137361049652
2018-04-25,-4.211085200309753
2018-04-26,1.9607566595077515
2018-04-27,0.09270572662353516
2018-04-28,-0.9888911247253418
2018-04-29,-2.8406724333763123
2018-04-30,-5.734298050403595
2018-05-01,-9.94860714673996
2018-05-02,-3.5472375750541687
2018-05-03,-4.946181654930115
2018-05-04,-1.7258009910583496
2018-05-05,-0.9991472959518433
2018-05-06,-0.751750648021698
2018-05-07,-2.7198241353034973
2018-05-08,-1.4742898344993591
2018-05-09,-1.9864026308059692
2018-05-10,-6.549191534519196
2018-05-11,-10.87467759847641
2018-05-12,0.999193012714386
2018-05-14,-2.9891529083251953
2018-05-15,-0.533714771270752
2018-05-16,-2.302772045135498
2018-05-17,-5.927436828613281
2018-05-18,-3.9988867044448853
2018-05-20,-0.8921492099761963
2018-05-21,1.9308396577835083
2018-05-22,-7.594080984592438
2018-05-23,-0.739672064781189
2018-05-24,-4.5413912534713745
2018-05-25,-2.5432180762290955
2018-05-27,0.8435493111610413
2018-05-28,-1.991449236869812
2018-05-29,-1.553204894065857
2018-05-30,0.21296167373657227
2018-05-31,1.5159518718719482
2018-06-01,-1.8678677082061768
2018-06-02,-0.9979208111763
2018-06-03,-0.12578940391540527
2018-06-04,-4.688623011112213
2018-06-05,-2.814170777797699
2018-06-06,1.3741419911384583
2018-06-07,-10.131128966808319
2018-06-08,-20.94706815481186
2018-06-11,-3.991211175918579
2018-06-12,-5.645950078964233
2018-06-13,-8.709813714027405
2018-06-14,-13.68081420660019
2018-06-15,-4.069094896316528
2018-06-17,-0.8973395228385925
2018-06-18,-0.9436496496200562
2018-06-19,-2.0918185114860535
2018-06-20,-5.657466888427734
2018-06-21,-5.755474209785461
2018-06-22,-6.4554319977760315
2018-06-23,0.9944408535957336
2018-06-24,-0.9857287406921387
2018-06-25,-1.4026824831962585
2018-06-26,-3.8123019337654114
2018-06-27,-2.2776309847831726
2018-06-28,-2.0774627327919006
2018-06-29,-2.6784198880195618
2018-06-30,-1.2215656042099
2018-07-01,-0.981050431728363
2018-07-02,1.0205658078193665
2018-07-03,-1.8314399123191833
2018-07-05,-0.9628536701202393
2018-07-06,-0.9974973797798157
2018-07-07,-0.932263970375061
2018-07-09,-1.8210836052894592
2018-07-10,-6.473322153091431
2018-07-11,-9.837375342845917
2018-07-12,-28.224838376045227
2018-07-13,-11.013395071029663
2018-07-15,-2.689369261264801
2018-07-16,-20.530734360218048
2018-07-17,-28.417034924030304
2018-07-18,-5.892635703086853
2018-07-19,-8.048799455165863
2018-07-20,-0.6332940459251404
2018-07-21,0.9997805953025818
2018-07-22,-2.1663153171539307
2018-07-23,-4.568700909614563
2018-07-24,-3.1143742203712463
2018-07-25,-8.367491126060486
2018-07-26,-13.781213402748108
2018-07-27,-3.8934072852134705
2018-07-28,-0.9054086208343506
2018-07-29,-2.8553155660629272
2018-07-30,-2.53805935382843
2018-07-31,-7.0023356676101685
2018-08-01,-5.518181383609772
2018-08-02,-5.5853351354599
2018-08-03,-2.962638020515442
2018-08-05,-0.9955012202262878
2018-08-06,-0.6674689054489136
2018-08-07,-7.2052876353263855
2018-08-08,-5.295715153217316
2018-08-09,-6.931392788887024
2018-08-10,-7.457803547382355
2018-08-11,-0.9117097854614258
2018-08-12,-0.9139937162399292
2018-08-13,-6.0523775815963745
2018-08-14,-15.10440593957901
2018-08-15,1.1286791563034058
2018-08-16,1.9706299901008606
2018-08-17,-4.821498274803162
2018-08-18,-0.8093665838241577
2018-08-19,-2.1931577920913696
2018-08-20,-0.5390105843544006
2018-08-21,-7.198438048362732
2018-08-22,-2.619861662387848
2018-08-23,-13.32987517118454
2018-08-24,-5.680827617645264
2018-08-25,-0.014032185077667236
2018-08-27,-3.4660577178001404
2018-08-28,-6.0819379687309265
2018-08-29,-4.950717270374298
2018-08-30,-8.920782387256622
2018-08-31,0.5838924646377563
2018-09-01,-0.959945023059845
2018-09-02,-0.8124440312385559
2018-09-03,-2.9605122804641724
2018-09-04,-4.520799875259399
2018-09-05,-4.530466556549072
2018-09-06,-13.482593536376953
2018-09-07,-8.090356230735779
2018-09-08,0.998968243598938
2018-09-09,-0.9826099276542664
2018-09-10,-2.6074779629707336
2018-09-11,-8.281461954116821
2018-09-12,1.0652546882629395
2018-09-13,-1.8772901892662048
2018-09-14,-5.674034357070923
2018-09-15,-0.8021348714828491
2018-09-16,-0.9121483564376831
2018-09-17,-22.688477218151093
2018-09-18,-10.5378999710083
2018-09-19,-7.230837345123291
2018-09-20,-14.382260024547577
2018-09-21,-5.4714062213897705
2018-09-22,-1.9598864316940308
2018-09-23,-1.6865386366844177
2018-09-24,-9.8553586602211
2018-09-25,-4.880158305168152
2018-09-26,-2.7403352856636047
2018-09-27,-6.485060930252075
2018-09-28,-3.6165749430656433
2018-09-29,0.9950430393218994
2018-09-30,-1.7391752004623413
2018-10-01,-7.83276891708374
2018-10-02,-12.121831774711609
2018-10-03,-5.20455539226532
2018-10-04,-7.454543888568878
2018-10-05,-13.965520918369293
2018-10-06,-1.960939645767212
2018-10-07,-1.4655687808990479
2018-10-08,-11.855524003505707
2018-10-09,0.05942857265472412
2018-10-10,-11.308407545089722
2018-10-11,-0.8533079624176025
2018-10-12,-18.12421989440918
2018-10-13,-0.08742791414260864
2018-10-14,1.0314677953720093
2018-10-15,-19.008507311344147
2018-10-16,-7.189617812633514
2018-10-17,-11.246285021305084
2018-10-18,-6.134813547134399
2018-10-19,-1.6116830110549927
2018-10-20,0.22925007343292236
2018-10-21,-0.9794073700904846
2018-10-22,-3.914185881614685
2018-10-23,-13.642569363117218
2018-10-24,-9.667260110378265
2018-10-25,-13.66852068901062
2018-10-26,-13.603141605854034
2018-10-27,0.9598191380500793
2018-10-28,-2.8260729908943176
2018-10-29,-7.7235137820243835
2018-10-30,-11.648972392082214
2018-10-31,-6.281009495258331
2018-11-01,-7.544282853603363
2018-11-02,-4.840595602989197
2018-11-03,-1.658347487449646
2018-11-04,-2.383863389492035
2018-11-05,-7.1879547238349915
2018-11-06,-13.49943733215332
2018-11-07,-3.092279553413391
2018-11-08,-9.925352275371552
2018-11-09,-8.874342501163483
2018-11-11,0.5982632637023926
2018-11-12,-4.911093652248383
2018-11-13,-3.0484578013420105
2018-11-14,-8.940858900547028
2018-11-15,-12.528656482696533
2018-11-16,-32.04453545808792
2018-11-17,-1.8901442289352417
2018-11-18,-1.80302095413208
2018-11-19,4.302642226219177
2018-11-20,-8.59602403640747
2018-11-21,-5.255958676338196
2018-11-22,-3.847739279270172
2018-11-23,-1.9344435334205627
2018-11-24,-0.9926209449768066
2018-11-25,-0.9766201972961426
2018-11-26,-12.569719016551971
2018-11-27,-5.170679450035095
2018-11-28,-5.924705624580383
2018-11-29,-0.8725424408912659
2018-11-30,2.2307618260383606
2018-12-01,1.99574613571167
2018-12-02,1.9949520826339722
2018-12-03,-4.736565828323364
2018-12-04,-16.1377894282341
2018-12-05,-0.9458609223365784
2018-12-06,-19.523925483226776
2018-12-07,-12.063922882080078
2018-12-09,-1.10719895362854
2018-12-10,-4.1337661147117615
2018-12-11,-7.890341103076935
2018-12-12,-9.629475772380829
2018-12-13,0.3598877191543579
2018-12-14,-3.649055242538452
2018-12-15,-1.4506763219833374
2018-12-16,-1.9631880521774292
2018-12-17,-11.103189706802368
2018-12-18,-9.415843784809113
2018-12-19,-8.89074432849884
2018-12-20,-13.47042864561081
2018-12-21,-3.0028730034828186
2018-12-23,-3.9216792583465576
2018-12-24,-5.978080630302429
2018-12-25,-0.9101837277412415
2018-12-26,-5.310669898986816
2018-12-27,-10.723787367343903
2018-12-28,-3.5834566950798035
2018-12-29,-1.1609328985214233
2018-12-30,2.1714428663253784
2018-12-31,-6.357709109783173
2019-01-01,-0.07873857021331787
2019-01-02,-14.610493004322052
2019-01-03,-11.238644301891327
2019-01-04,-11.168569028377533
2019-01-05,-2.945447564125061
2019-01-06,-1.3420639634132385
2019-01-07,-15.457985401153564
2019-01-08,-6.75730574131012
2019-01-09,-8.397274732589722
2019-01-10,-15.983082234859467
2019-01-11,-6.0574363470077515
2019-01-12,-2.060458719730377
2019-01-13,0.6120758056640625
2019-01-14,-7.493793189525604
2019-01-15,-31.46484023332596
2019-01-16,-22.8261376619339
2019-01-17,-13.061708807945251
2019-01-18,-18.27870011329651
2019-01-19,-0.9864031076431274
2019-01-21,0.018506109714508057
2019-01-22,-3.2136417031288147
2019-01-23,-12.618671357631683
2019-01-24,-16.170638144016266
2019-01-25,-3.7021102905273438
2019-01-26,2.2642576694488525
2019-01-27,-1.4743001461029053
2019-01-28,-11.991177439689636
2019-01-29,-13.520672976970673
2019-01-30,-5.615081012248993
2019-01-31,-14.969187140464783
2019-02-01,-12.903072535991669
2019-02-02,-0.7188794612884521
2019-02-03,-0.9866213798522949
2019-02-04,-26.66088753938675
2019-02-05,4.112267255783081
2019-02-06,-9.505566895008087
2019-02-07,-11.638156414031982
2019-02-08,-8.565846800804138
2019-02-09,-0.9948247671127319
2019-02-10,1.026336669921875
2019-02-11,-4.915831625461578
2019-02-12,-4.306116044521332
2019-02-13,-2.8683502078056335
2019-02-14,-16.243777632713318
2019-02-15,-9.41862016916275
2019-02-16,0.15749907493591309
2019-02-17,-0.986187756061554
2019-02-18,-3.0223830938339233
2019-02-19,-2.034870684146881
2019-02-20,-11.43411135673523
2019-02-21,-9.555814743041992
2019-02-22,-12.954191088676453
2019-02-23,3.2843464612960815
2019-02-24,2.577986478805542
2019-02-25,-6.905459821224213
2019-02-26,-8.965006709098816
2019-02-27,1.5150110721588135
2019-02-28,-5.63565719127655
2019-03-01,-7.044471561908722
2019-03-03,0.9747604131698608
2019-03-04,-5.905683636665344
2019-03-05,-6.061457395553589
2019-03-06,-11.069821655750275
2019-03-07,-7.6508437395095825
2019-03-08,-13.72027051448822
2019-03-10,-2.736401379108429
2019-03-11,-13.598873496055603
2019-03-12,-19.838187873363495
2019-03-13,-4.1954463720321655
2019-03-14,-21.74832421541214
2019-03-15,-24.92672610282898
2019-03-16,-0.9991235136985779
2019-03-17,0.7523303031921387
2019-03-18,2.4261284470558167
2019-03-19,-14.3560049533844
2019-03-20,-18.72339916229248
2019-03-21,-10.518848836421967
2019-03-22,-3.6521456837654114
2019-03-24,-2.0553640127182007
2019-03-25,0.3737937808036804
2019-03-26,-10.8793044090271
2019-03-27,-2.006288170814514
2019-03-28,-9.830009460449219
2019-03-29,-14.813625395298004
2019-03-30,-2.9621315598487854
2019-03-31,-1.9399358034133911
2019-04-01,-11.66873288154602
2019-04-02,-1.7100291848182678
2019-04-03,-11.059991180896759
2019-04-04,-0.7980503439903259
2019-04-05,-8.999788761138916
2019-04-06,2.76728755235672
2019-04-07,1.7414665222167969
2019-04-08,-13.170476615428925
2019-04-09,0.561672568321228
2019-04-10,-2.7910972237586975
2019-04-11,-9.664500713348389
2019-04-12,-6.7920241355896
2019-04-13,0.3514944314956665
2019-04-14,-2.8503748774528503
2019-04-15,-4.174511611461639
2019-04-16,-16.926831305027008
2019-04-17,-12.65225613117218
2019-04-18,-5.130991756916046
2019-04-19,0.7148187160491943
2019-04-20,1.1529256701469421
2019-04-21,-0.9930084943771362
2019-04-22,-8.349225282669067
2019-04-23,-17.848444640636444
2019-04-24,-9.074467301368713
2019-04-25,-14.247032225131989
2019-04-26,-19.88418537378311
2019-04-27,-3.8386124968528748
2019-04-28,1.8234917521476746
2019-04-29,-14.486835837364197
2019-04-30,-28.085486888885498
2019-05-01,-9.171636998653412
2019-05-02,-12.319330275058746
2019-05-03,-15.996144831180573
2019-05-04,-3.0705570578575134
2019-05-05,-1.818728506565094
2019-05-06,-15.816145420074463
2019-05-07,-14.381687700748444
2019-05-08,-12.628524124622345
2019-05-09,-6.72937673330307
2019-05-10,-9.069325625896454
2019-05-11,-0.9720581769943237
2019-05-12,-3.1878474354743958
2019-05-13,-20.108789682388306
2019-05-14,-3.5101243257522583
2019-05-15,-22.56162118911743
2019-05-16,-21.26449280977249
2019-05-17,-11.229428708553314
2019-05-18,-2.932650089263916
2019-05-19,-2.542336642742157
2019-05-20,-15.153470873832703
2019-05-21,-8.66899859905243
2019-05-22,-10.224339485168457
2019-05-23,-12.826247215270996
2019-05-24,-6.886234104633331
2019-05-25,-1.9540658593177795
2019-05-26,-0.8593165278434753
2019-05-27,-2.442975163459778
2019-05-28,-4.872941017150879
2019-05-29,-10.176345646381378
2019-05-30,2.5385568141937256
2019-05-31,-8.203191101551056
2019-06-01,-0.9907184839248657
2019-06-02,-2.3381370902061462
2019-06-03,-18.767701387405396
2019-06-04,-1.7292927503585815
2019-06-05,1.5196860432624817
2019-06-06,-6.418820023536682
2019-06-07,-6.5336936712265015
2019-06-08,-4.401550769805908
2019-06-09,-1.9797211289405823
2019-06-10,-21.201490998268127
2019-06-11,-9.882835447788239
2019-06-12,-5.331611454486847
2019-06-13,-14.593793213367462
2019-06-14,-31.106522977352142
2019-06-15,-1.8812777400016785
2019-06-16,-2.9791605472564697
2019-06-17,-6.470252215862274
2019-06-18,-6.288092792034149
2019-06-19,-11.007951855659485
2019-06-20,-0.04138702154159546
2019-06-21,-7.789863169193268
2019-06-22,-0.15254449844360352
2019-06-23,-0.17790383100509644
2019-06-24,-2.5926889777183533
2019-06-25,-16.18241661787033
2019-06-26,-20.218045353889465
2019-06-27,-12.952263534069061
2019-06-28,-1.3027788400650024
2019-06-29,1.5145814418792725
2019-06-30,1.1519576907157898
2019-07-01,-11.306308448314667
2019-07-02,-12.04770964384079
2019-07-03,-11.397331178188324
2019-07-04,0.18520134687423706
2019-07-05,-6.070594489574432
2019-07-06,-0.2996446490287781
2019-07-07,-1.9025090336799622
2019-07-08,-18.506072998046875
2019-07-09,-12.055635035037994
2019-07-10,-18.86077791452408
2019-07-11,-6.016993463039398
2019-07-12,-30.180589377880096
2019-07-13,-4.671215057373047
2019-07-14,-0.8293825387954712
2019-07-15,-9.694048523902893
2019-07-16,-13.492184579372406
2019-07-17,-21.038657248020172
2019-07-18,-19.11878204345703
2019-07-19,-4.7005733251571655
2019-07-20,-0.04097110033035278
2019-07-21,-2.8710354566574097
2019-07-22,-11.665610253810883
2019-07-23,-17.363181352615356
2019-07-24,-13.456525564193726
2019-07-25,-34.946536004543304
2019-07-26,-26.460067093372345
2019-07-27,-7.420215606689453
2019-07-28,1.318522334098816
2019-07-29,-5.571714520454407
2019-07-30,-25.66632378101349
2019-07-31,-17.915724098682404
2019-08-01,-13.889369249343872
2019-08-02,-12.080948948860168
2019-08-03,-0.9957960844039917
2019-08-04,1.0221788883209229
2019-08-05,-3.383773446083069
2019-08-06,-3.6302754282951355
2019-08-07,-17.50755876302719
2019-08-08,-14.589644014835358
2019-08-09,-6.447911262512207
2019-08-10,-1.4025012850761414
2019-08-11,-1.1762874722480774
2019-08-12,-11.695163249969482
2019-08-13,-14.650945484638214
2019-08-14,-11.334336400032043
2019-08-15,-1.7283096313476562
2019-08-16,-11.979174375534058
2019-08-17,-0.9904057383537292
2019-08-18,-0.9863518476486206
2019-08-19,-15.423142731189728
2019-08-20,-4.256735563278198
2019-08-21,-16.34299510717392
2019-08-22,-4.210704207420349
2019-08-23,-14.564545392990112
2019-08-24,2.95726877450943
2019-08-25,1.704970359802246
2019-08-26,-8.382022619247437
2019-08-27,-11.66663283109665
2019-08-28,-14.002610087394714
2019-08-29,-6.7764633893966675
2019-08-30,-8.388966619968414
2019-08-31,-2.4673094153404236
2019-09-02,-0.03249937295913696
2019-09-03,0.3130068778991699
2019-09-04,-18.810271739959717
2019-09-05,-7.713645577430725
2019-09-06,-16.96774911880493
2019-09-07,2.0590901970863342
2019-09-08,-3.016270160675049
2019-09-09,-27.31476002931595
2019-09-10,-12.975302636623383
2019-09-11,-11.504841566085815
2019-09-12,-31.98738592863083
2019-09-13,-13.77554315328598
2019-09-14,-0.11098915338516235
2019-09-15,-3.012871205806732
2019-09-16,-11.840413928031921
2019-09-17,1.6449801921844482
2019-09-18,-11.49179619550705
2019-09-19,-7.730505049228668
2019-09-20,-10.436328530311584
2019-09-21,0.9600962996482849
2019-09-22,1.0074865818023682
2019-09-23,-11.243606925010681
2019-09-24,-17.83656096458435
2019-09-25,-15.460929572582245
2019-09-26,-6.722090840339661
2019-09-27,-1.719127893447876
2019-09-28,2.4110427498817444
2019-09-29,-1.1308753490447998
2019-09-30,2.8895238041877747
2019-10-01,-1.36191725730896
2019-10-02,-12.469985604286194
2019-10-03,-6.2364906668663025
2019-10-04,-20.97610878944397
2019-10-05,-0.6898318529129028
2019-10-06,-2.867298185825348
2019-10-07,-36.423582434654236
2019-10-08,-20.53114229440689
2019-10-09,-12.964172005653381
2019-10-10,-10.544513523578644
2019-10-11,-1.0161572098731995
2019-10-12,-1.2150158882141113
2019-10-13,-2.741090714931488
2019-10-14,-3.8079811930656433
2019-10-15,-4.931468963623047
2019-10-16,-11.759811162948608
2019-10-17,-32.24099314212799
2019-10-18,-6.935838758945465
2019-10-19,-1.8399168848991394
2019-10-20,-1.9798371195793152
2019-10-21,-10.673635125160217
2019-10-22,-19.994579792022705
2019-10-23,-23.995397806167603
2019-10-24,-27.756633639335632
2019-10-25,-2.175619900226593
2019-10-26,-1.4631796479225159
2019-10-27,1.841652750968933
2019-10-28,-20.194823622703552
2019-10-29,-26.491213083267212
2019-10-30,-1.4540849924087524
2019-10-31,2.360832154750824
2019-11-01,1.1084455847740173
2019-11-02,0.9886592626571655
2019-11-03,-2.3879764080047607
2019-11-04,-17.1550030708313
2019-11-05,-5.59042090177536
2019-11-06,-11.017703831195831
2019-11-07,-17.045135378837585
2019-11-08,-7.562983274459839
2019-11-09,-6.115247011184692
2019-11-10,-1.9856435656547546
2019-11-11,-15.938836395740509
2019-11-12,1.6930052638053894
2019-11-13,-21.798598289489746
2019-11-14,-28.796270966529846
2019-11-15,-19.043792366981506
2019-11-16,0.9509709477424622
2019-11-17,-4.778543770313263
2019-11-18,-8.167765259742737
2019-11-19,-16.80761009454727
2019-11-20,-2.4558539390563965
2019-11-21,-4.360384821891785
2019-11-22,-12.155076026916504
2019-11-23,-2.9778740406036377
2019-11-24,1.0423274040222168
2019-11-25,-14.62626177072525
2019-11-26,-12.714075028896332
2019-11-27,-4.338470935821533
2019-11-29,-5.952371835708618
2019-11-30,-1.9411706924438477
2019-12-01,0.31798845529556274
2019-12-02,-12.426407933235168
2019-12-03,-26.800383806228638
2019-12-04,-6.607603371143341
2019-12-05,-3.399815857410431
2019-12-06,-11.961372196674347
2019-12-07,-5.455667614936829
2019-12-08,-12.267370998859406
2019-12-09,-11.293063223361969
2019-12-10,-24.684058964252472
2019-12-11,-1.5380080938339233
2019-12-12,-21.4874986410141
2019-12-13,-18.16785627603531
2019-12-14,-1.684844732284546
2019-12-15,-1.5775898694992065
2019-12-16,-8.464151203632355
2019-12-17,-10.979302167892456
2019-12-18,-24.129233717918396
2019-12-19,-3.307504117488861
2019-12-20,-2.8041535019874573
2019-12-21,-1.1454416513442993
2019-12-22,-0.5556289553642273
2019-12-23,-5.525039196014404
2019-12-24,-6.704565167427063
2019-12-25,1.8874891996383667
2019-12-26,-14.669480800628662
2019-12-27,-5.141399264335632
2019-12-28,-1.7761884927749634
2019-12-29,0.5546780228614807
2019-12-30,-16.420010209083557
2019-12-31,-9.548075497150421
2020-01-01,-0.0025565028190612793
2020-01-02,-0.9905900955200195
2020-01-03,-10.332681119441986
2020-01-04,-2.8853545784950256
2020-01-05,-2.944797694683075
2020-01-06,-9.741051077842712
2020-01-07,-3.769420325756073
2020-01-08,3.887485921382904
2020-01-09,-15.745591342449188
2020-01-10,-22.742453575134277
2020-01-11,1.604287564754486
2020-01-12,-1.8474481701850891
2020-01-13,-11.829069197177887
2020-01-14,-20.396502435207367
2020-01-15,-26.32655030488968
2020-01-16,-7.806347072124481
2020-01-17,-16.844964742660522
2020-01-18,-0.9999200105667114
2020-01-19,0.15667176246643066
2020-01-20,1.6009351015090942
2020-01-21,-26.83267456293106
2020-01-22,-20.907135605812073
2020-01-23,-27.120685636997223
2020-01-24,-11.073125302791595
2020-01-25,-0.05257105827331543
2020-01-26,-9.736732959747314
2020-01-27,-28.822342097759247
2020-01-28,-10.485572099685669
2020-01-29,-32.271300077438354
2020-01-30,-39.353196024894714
2020-01-31,-17.185847222805023
2020-02-01,-0.8515519499778748
2020-02-02,-0.04505264759063721
2020-02-03,-40.14546775817871
2020-02-04,-39.21376979351044
2020-02-05,-17.16640019416809
2020-02-06,-18.000738084316254
2020-02-07,-16.680094480514526
2020-02-08,-1.7653749585151672
2020-02-09,-2.040827751159668
2020-02-10,-22.91891998052597
2020-02-11,-32.38342881202698
2020-02-12,-18.429052233695984
2020-02-13,-22.268102765083313
2020-02-14,-32.06888020038605
2020-02-15,-1.0456605553627014
2020-02-16,-1.3171826601028442
2020-02-17,-20.55312579870224
2020-02-18,-24.705296516418457
2020-02-19,-24.521310806274414
2020-02-20,-14.023601710796356
2020-02-21,-22.3194198012352
2020-02-22,0.03534036874771118
2020-02-23,2.0240644216537476
2020-02-24,-29.693497002124786
2020-02-25,-20.76050293445587
2020-02-26,-17.450345873832703
2020-02-27,-18.025261163711548
2020-02-28,-14.216528832912445
2020-02-29,0.9909245371818542
2020-03-01,-2.928152918815613
2020-03-02,-8.984025955200195
2020-03-03,-15.573079586029053
2020-03-04,-5.00554358959198
2020-03-05,-14.036624133586884
2020-03-06,-35.370701253414154
2020-03-07,0.5539624691009521
2020-03-08,-1.5584155917167664
2020-03-09,-37.1009247303009
2020-03-10,-20.366765081882477
2020-03-11,-39.547423183918
2020-03-12,-39.26428526639938
2020-03-13,-37.34083038568497
2020-03-14,-0.12062561511993408
2020-03-15,-4.955755054950714
2020-03-16,-45.302219212055206
2020-03-17,-23.691385328769684
2020-03-18,-30.759492456912994
2020-03-19,-18.750401496887207
2020-03-20,-20.95000272989273
2020-03-21,-1.3384760022163391
2020-03-22,-3.816683769226074
2020-03-23,-26.93866491317749
2020-03-24,-31.71730613708496
2020-03-25,-18.890861809253693
2020-03-26,-7.703950226306915
2020-03-27,-34.302759408950806
2020-03-28,-2.807498872280121
2020-03-29,1.5274409055709839
2020-03-30,-13.133946239948273
2020-03-31,-20.38617181777954
2020-04-01,-27.068443953990936
2020-04-02,-20.094262778759003
2020-04-03,-23.877588868141174
2020-04-04,-5.382709383964539
2020-04-05,0.21078014373779297
2020-04-06,-11.243002355098724
2020-04-07,-1.8046351671218872
2020-04-08,-22.94401305913925
2020-04-09,-21.909700870513916
2020-04-10,-4.626247704029083
2020-04-11,-3.0850120186805725
2020-04-12,-5.4064706563949585
2020-04-13,-18.720978438854218
2020-04-14,-22.765561401844025
2020-04-15,-36.61154967546463
2020-04-16,-21.383564114570618
2020-04-17,-24.637970089912415
2020-04-18,0.33531028032302856
2020-04-19,-0.2822413444519043
2020-04-20,-25.11347883939743
2020-04-21,-22.732662975788116
2020-04-22,-37.337180733680725
2020-04-23,-17.8410524725914
2020-04-24,-24.617935180664062
2020-04-25,-2.090937912464142
2020-04-26,-4.946037948131561
2020-04-27,-7.792728781700134
2020-04-28,-36.25353163480759
2020-04-29,-47.04672318696976
2020-04-30,-55.891763389110565
2020-05-01,-58.1342887878418
2020-05-02,-1.5599870085716248
2020-05-03,-3.79043447971344
2020-05-04,-23.638314127922058
2020-05-05,-16.650152266025543
2020-05-06,-19.877643823623657
2020-05-07,-19.143330335617065
2020-05-08,-39.76366549730301
2020-05-09,0.09331387281417847
2020-05-10,-4.888534665107727
2020-05-11,-45.09130108356476
2020-05-12,-20.629257440567017
2020-05-13,-32.21768414974213
2020-05-14,-29.213710725307465
2020-05-15,-64.67412054538727
2020-05-16,-1.1280345916748047
2020-05-17,-7.92702579498291
2020-05-18,-6.569381475448608
2020-05-19,-10.49393606185913
2020-05-20,-19.848792135715485
2020-05-21,-12.930955231189728
2020-05-22,-19.603328347206116
2020-05-23,-1.0129828453063965
2020-05-24,-0.9473942518234253
2020-05-25,-0.02318030595779419
2020-05-26,-31.572532415390015
2020-05-27,-18.339000463485718
2020-05-28,-21.66210788488388
2020-05-29,-18.33160036802292
2020-05-30,-0.8083886504173279
2020-05-31,-8.94288420677185
2020-06-01,-15.477813124656677
2020-06-02,-13.353584110736847
2020-06-03,3.7862038016319275
2020-06-04,-3.18312805891037
2020-06-05,-7.644687354564667
2020-06-06,-0.9923378825187683
2020-06-07,0.8606841564178467
2020-06-08,3.445881485939026
2020-06-09,0.10767483711242676
2020-06-10,-16.34441304206848
2020-06-11,-7.403634607791901
